,Codigo_da_oportunidade,Classificacao_da_Oportunidade,Data_de_criacao,Faixa_de_Faturamento_Agregado,Data_Real_de_Encerramento_da_Opp2,id_fechou,numero_relacionamentos,numero_relacionamentos_convertidos,intervalo_tempo,ano,Valor_corrigido2,Forma_de_Contratacao_Agregado,Concorrentes,n_solucoes,Software,Comissão sobre Parceiros,Cybersecurity,Desdobramento de metas,ESG,Equilíbrio fiscal,Skill_dev,Gestão Estratégica,Gestão da Educação,Gestão da Operação,Gestão da Receita,Gestão da Saúde,Gestão da Segurança Pública,Gestão da Segurança Viária,Gestão de Gastos,Gestão de operações projetizadas,Gestão de pessoas,Processes Excellence,Produtos digitais,S_amp_OP_S_amp_OE,Transformação Digital,Treinamentos,Roadmap,Segmentacao,Carteira_Nova,Segmento_Agregado2,Total_HH,Custo_Total,Margem_Total,ID_cliente
1,10054,0,2019-10-11,1,2019-10-29,1,1,0,0,2019,503536326980052,1,0,1,0,0,0,1,0,0,0,0,0,0,0,0,0,0,0,0,0,0,0,0,0,0,0,2,5,2,115,15136842,5675188,826
2,10004,1,2019-10-09,3,2019-10-31,1,2,1,02.03,2019,61863034246064,0,0,1,0,0,0,0,0,0,0,0,0,0,0,0,0,0,1,0,0,0,0,0,0,0,0,0,0,20,205,18354374,573154093023256,225
3,10063,2,2019-10-16,5,2019-11-04,0,8,5,6.27,2019,270028860632424,0,0,1,0,0,0,0,0,0,0,0,0,0,0,0,0,0,0,0,0,1,0,0,0,0,0,1,5,0,472,725715,615311423270607,849
4,10138,0,2019-10-29,1,2019-11-06,1,1,0,0,2019,458039891578703,1,0,1,0,0,0,0,0,0,0,0,0,0,0,0,0,0,0,0,1,0,0,0,0,0,0,0,1,3,4,2454016,23312,282
5,10074,2,2019-10-16,5,2019-11-13,1,6,5,4.37,2019,44243313662266,0,0,1,0,0,0,0,0,0,0,0,0,1,0,0,0,0,0,0,0,0,0,0,0,0,0,0,4,4,691,163915966,54526213963579,297
6,10233,2,2019-11-21,5,2019-11-22,1,5,4,5,2019,644646671802573,2,0,1,0,0,0,0,0,0,0,0,0,0,0,0,0,0,0,1,0,0,0,0,0,0,0,1,2,5,2219.5,216839327,518529503094416,252
7,10025,2,2019-10-10,2,2019-11-25,1,4,3,1.97,2019,372157454253131,1,0,1,0,0,0,1,0,0,0,0,0,0,0,0,0,0,0,0,0,0,0,0,0,0,0,1,3,6,625,101247635,610586019230769,56
8,10089,2,2019-10-19,4,2019-11-26,0,6,3,6.43,2019,709961912955648,0,0,1,0,0,0,0,0,0,0,0,0,0,0,0,0,0,0,0,0,1,0,0,0,0,0,0,0,20,292,3202932,354247580645161,261
9,10085,1,2019-10-17,5,2019-11-29,1,3,2,9.87,2019,104329332517073,2,0,1,0,0,0,0,0,0,0,0,0,0,0,0,0,1,0,0,0,0,0,0,0,0,0,2,2,5,339,39081729,463807525295833,727
10,10146,2,2019-10-30,4,2019-11-29,1,2,1,16.4,2019,490961564786226,2,0,1,0,0,0,1,0,0,0,0,0,0,0,0,0,0,0,0,0,0,0,0,0,0,0,0,2,5,83,14249543,584561428571429,564
11,10174,1,2019-11-06,1,2019-11-29,1,4,1,10.07,2019,551079292884656,0,0,2,0,0,0,0,0,0,0,0,0,1,0,0,0,0,0,0,0,0,0,0,0,0,0,1,3,4,109,14396778,626057704572927,692
12,10116,0,2019-10-23,4,2019-12-04,0,7,2,02.03,2019,591479215545971,1,0,1,0,0,0,0,0,0,0,0,0,0,0,0,0,0,0,0,1,0,0,0,0,0,0,0,0,20,1090,153636943,632447504784689,187
13,10173,0,2019-11-05,0,2019-12-04,1,1,0,0,2019,424707015647761,1,0,1,0,0,0,0,0,0,0,0,0,0,0,0,0,0,0,0,0,1,0,0,0,0,0,2,5,1,148,21403551,286845447730112,557
14,10107,1,2019-10-23,3,2019-12-11,0,2,0,11.5,2019,404532828107081,1,0,2,0,0,0,0,0,0,0,0,0,0,0,0,0,0,0,0,1,0,0,0,0,0,0,2,1,7,756,89507677,686892278336167,441
15,10070,0,2019-10-16,2,2019-12-12,0,1,0,0,2019,551889171829331,0,0,1,0,0,0,1,0,0,0,0,0,0,0,0,0,0,0,0,0,0,0,0,0,0,0,0,0,20,131,162226,584035897435897,404
16,10117,0,2019-10-24,2,2019-12-12,0,1,0,0,2019,184670605816578,1,0,1,0,0,0,0,0,0,0,1,0,0,0,0,0,0,0,0,0,0,0,0,0,0,0,0,5,21,409,50152208,615691892720307,183
17,10142,2,2019-10-29,4,2019-12-16,1,1,0,0,2019,849899410741976,0,0,1,0,0,0,0,0,0,0,0,0,0,0,0,0,0,0,0,0,1,0,0,0,0,0,0,3,8,160,27240573,582319672305089,569
18,10286,2,2019-12-03,5,2019-12-17,0,12,4,0.5,2019,958624406747803,3,0,1,0,0,0,0,0,0,0,0,0,1,0,0,0,0,0,0,0,0,0,0,0,0,0,0,5,9,169,3769084,443616046056759,266
19,10325,0,2019-12-17,5,2019-12-17,1,2,0,11.7,2019,91629155294582,0,0,1,0,0,0,0,0,0,0,0,0,0,0,0,0,1,0,0,0,0,0,0,0,0,0,0,4,5,171,26505522,623037637012916,728
20,10181,0,2019-11-07,2,2019-12-19,0,1,0,0,2019,650946198003383,1,0,1,0,0,0,0,0,0,0,0,1,0,0,0,0,0,0,0,0,0,0,0,0,0,0,0,5,2,106,162287,647202173913043,415
21,10259,1,2019-11-27,4,2019-12-19,0,3,2,6.73,2019,33248492082139,3,0,1,0,0,0,0,0,0,0,0,0,0,0,0,0,0,0,0,0,1,0,0,0,0,0,2,5,9,570,1235733,474055457428018,608
22,10140,1,2019-10-29,1,2019-12-20,1,2,1,1.47,2019,134434574525633,1,0,1,0,0,0,0,0,0,0,0,0,0,0,0,0,0,0,0,1,0,0,0,0,0,0,0,1,3,1,755664,204564210526316,282
23,10300,2,2019-12-09,1,2019-12-23,1,4,3,3.73,2019,106783478220008,0,0,1,0,0,0,1,0,0,0,0,0,0,0,0,0,0,0,0,0,0,0,0,0,0,0,1,3,10,21,2793074,629860323350119,650
24,10019,0,2019-10-09,4,2019-12-24,1,2,0,22.2,2019,364034584840938,1,1,3,1,0,0,0,0,0,0,0,0,1,0,0,0,0,1,0,0,0,0,0,0,0,0,2,1,7,826,135965339,471466126336249,429
25,10065,0,2019-10-16,5,2019-12-26,1,1,0,0,2019,582455335745501,3,7,1,0,0,0,0,0,0,0,0,0,0,0,0,0,0,0,0,0,1,0,0,0,0,0,1,1,7,256,37979001,772837463556851,847
26,10193,2,2019-11-11,1,2019-12-26,1,4,2,0,2019,112189162463108,0,0,3,0,0,0,0,0,0,0,0,0,1,0,0,0,0,0,0,0,0,1,0,0,0,0,1,3,6,194,24962953,685129250756811,90
27,10195,2,2019-11-12,1,2019-12-26,1,5,3,0,2019,262288863536027,0,0,2,0,0,0,1,0,0,0,0,0,0,0,0,0,0,0,0,1,0,0,0,0,0,0,1,3,6,612,107223377,421508621526841,90
28,10290,1,2019-12-04,2,2019-12-26,0,5,1,3.23,2019,481133589746722,1,0,1,0,0,0,0,0,0,0,0,0,0,0,0,0,0,0,1,0,0,0,0,0,0,0,1,0,11,66,115845,659279411764706,611
29,10101,2,2019-10-23,4,2019-12-27,1,6,2,2.17,2019,487806343686857,0,0,1,0,0,0,0,0,0,0,0,0,0,1,0,0,0,0,0,0,0,0,0,0,0,0,1,0,19,896,145765381,577142332071421,258
30,10329,2,2019-12-18,4,2019-12-27,1,10,7,0,2019,185373768953414,0,0,1,0,0,0,0,0,0,0,0,0,0,1,0,0,0,0,0,0,0,0,0,0,0,0,0,5,1,233,91312988,302937794711173,411
31,10330,2,2019-12-18,4,2019-12-27,1,11,8,0,2019,123114302678107,0,0,1,0,0,0,0,0,0,0,0,0,0,1,0,0,0,0,0,0,0,0,0,0,0,0,0,5,1,276.5,33904396,610296090592687,411
32,10315,0,2019-12-15,4,2019-12-31,1,1,0,0,2019,182017292420469,1,0,1,0,0,0,0,0,0,0,0,0,1,0,0,0,0,0,0,0,0,0,0,0,0,0,2,5,0,50,3752295,70827638483965,346
33,10350,2,2020-01-02,4,2019-12-31,1,8,5,0.47,2019,169882806259104,0,0,1,0,0,0,0,0,0,0,0,0,0,0,0,0,0,0,1,0,0,0,0,0,0,0,0,4,19,41,6982699,501235785714286,480
34,10242,1,2019-11-25,5,2020-01-06,0,1,0,0,2020,302726571907672,3,0,1,0,0,0,0,0,0,0,0,0,1,0,0,0,0,0,0,0,0,0,0,0,0,0,2,5,12,48,96705,548897959183673,836
35,10270,2,2019-11-29,3,2020-01-08,1,9,3,1.33,2020,787089086959947,0,0,1,0,0,0,1,0,0,0,0,0,0,0,0,0,0,0,0,0,0,0,0,0,0,0,0,5,0,152,21985255,605557210136802,765
36,10336,2,2019-12-20,5,2020-01-08,1,2,1,3.23,2020,15815918871206,0,0,1,0,0,0,1,0,0,0,0,0,0,0,0,0,0,0,0,0,0,0,0,0,0,0,1,0,11,323,45595488,592897428571429,655
37,10175,2,2019-11-06,0,2020-01-15,1,3,1,19.37,2020,548286257976299,0,0,1,0,0,0,0,0,0,0,0,0,1,0,0,0,0,0,0,0,0,0,0,0,0,0,0,4,20,989,214811845,525581737670885,292
38,10314,2,2019-12-15,3,2020-01-16,1,1,0,0,2020,152574192241467,0,0,4,0,0,0,1,0,0,1,0,0,0,0,0,0,0,0,0,0,1,0,0,0,0,0,2,2,13,485,63678823,41062684066824,659
39,10342,2,2019-12-23,3,2020-01-16,1,2,1,0,2020,708380178263952,1,0,1,0,0,0,0,0,0,0,0,0,0,0,0,0,0,0,0,1,0,0,0,0,0,0,2,2,13,92,33934359,323528939195197,659
40,10125,2,2019-10-25,1,2020-01-20,0,2,1,17.53,2020,596371346658114,0,0,1,0,0,0,0,0,0,0,0,0,1,0,0,0,0,0,0,0,0,0,0,0,0,0,0,4,20,75,253440,485401015228426,294
41,10223,0,2019-11-19,3,2020-01-24,0,1,0,0,2020,157417817391989,1,0,1,0,0,0,0,0,0,0,0,0,0,0,0,0,0,0,0,0,1,0,0,0,0,0,2,5,0,390,660269,407697690065037,120
42,10288,0,2019-12-03,4,2020-01-24,0,2,0,0,2020,734310513398213,1,0,1,0,0,0,0,0,0,0,0,0,0,0,0,0,0,0,0,0,1,0,0,0,0,0,2,5,0,132,20484345,606070288461538,115
43,10335,0,2019-12-19,1,2020-01-24,1,2,1,1.9,2020,135565019069038,1,0,1,0,0,0,1,0,0,0,0,0,0,0,0,0,0,0,0,0,0,0,0,0,0,0,4,3,6,453,47910561,50093165625,547
44,10281,2,2019-12-03,4,2020-01-27,0,5,2,0.43,2020,148336020234759,3,0,1,0,0,0,0,0,0,0,0,0,0,0,0,0,0,0,0,0,1,0,0,0,0,0,2,5,9,217,626976,403128980482427,608
45,10341,1,2019-12-23,3,2020-01-27,1,3,1,0.17,2020,564854245919173,1,0,2,0,0,0,1,0,0,0,0,0,0,0,0,0,0,0,0,0,0,0,0,0,0,0,1,0,20,735,127279429,6818014275,701
46,10357,2,2020-01-06,5,2020-01-27,1,12,4,2.93,2020,143397547216539,0,0,1,0,0,0,0,0,0,0,0,0,0,0,0,0,0,1,0,0,0,0,0,0,0,0,0,4,4,207,66502066,438429935358454,819
47,10061,0,2019-10-15,1,2020-01-29,0,1,0,0,2020,188295927726572,0,0,1,0,0,0,0,0,0,0,1,0,0,0,0,0,0,0,0,0,0,0,0,0,0,0,0,3,10,206,483628,637300671284891,211
48,10130,2,2019-10-28,5,2020-01-29,0,14,7,0,2020,883961589970402,1,1,1,0,0,0,1,0,0,0,0,0,0,0,0,0,0,0,0,0,0,0,0,0,0,0,1,3,4,126,222624,644356404009745,163
49,10201,2,2019-11-12,5,2020-01-29,1,15,7,0,2020,545452737263243,1,0,2,0,0,0,0,0,0,0,0,0,0,0,0,0,0,1,0,0,0,0,0,0,0,0,1,3,4,1212,147823799,617295413190335,163
50,10304,0,2019-12-10,0,2020-01-31,1,1,0,0,2020,881172618499668,0,0,1,0,0,0,0,1,0,0,0,0,0,0,0,0,0,0,0,0,0,0,0,0,0,0,2,5,2,151,26852163,569676875,778
51,10331,2,2019-12-18,1,2020-01-31,1,2,1,8.17,2020,533815927839112,0,0,1,0,0,0,0,0,0,0,0,0,1,0,0,0,0,0,0,0,0,0,0,0,0,0,2,4,19,63,18987475,569288744215588,221
52,10113,1,2019-10-23,3,2020-02-03,0,2,0,4.37,2020,115957079376959,2,0,5,0,0,0,0,0,0,0,0,0,0,0,0,0,0,0,0,1,0,0,0,0,1,0,2,2,14,256,406282,506460755028237,333
53,10272,0,2019-11-29,4,2020-02-04,0,1,0,0,2020,350153135753983,0,0,2,0,0,0,1,0,0,0,0,0,1,0,0,0,0,0,0,0,0,0,0,0,0,0,3,3,8,670,94149544,621250526993322,394
54,10334,2,2019-12-19,3,2020-02-05,1,3,1,3.73,2020,11973216355852,0,0,2,1,0,0,1,0,0,0,0,0,0,0,0,0,0,0,0,0,0,0,0,0,0,0,1,3,10,233,33350488,607641317647059,340
55,10356,2,2020-01-06,2,2020-02-06,1,6,1,1.4,2020,25355046940624,0,0,1,0,0,0,1,0,0,0,0,0,0,0,0,0,0,0,0,0,0,0,0,0,0,0,1,0,11,43,6294642,650297666666667,611
56,10359,2,2020-01-06,1,2020-02-07,0,3,2,14.47,2020,345455465643856,0,0,2,0,0,0,0,0,0,0,0,0,0,0,0,0,0,0,0,1,0,0,0,0,0,0,2,3,10,73,14312594,416396093702216,78
57,10106,1,2019-10-23,4,2020-02-10,0,3,0,0.57,2020,105646027308752,0,0,1,0,0,0,0,0,0,0,0,0,0,0,0,0,0,0,0,0,1,0,0,0,0,0,2,5,0,142,28273361,623021853333333,115
58,10492,2,2020-02-06,4,2020-02-11,1,4,3,4.57,2020,531469947144394,0,0,3,0,0,0,0,0,0,0,0,0,0,0,0,0,0,0,1,0,0,0,0,0,0,0,1,2,14,1800,199513785,471206506758548,337
59,10379,2,2020-01-10,5,2020-02-17,1,4,1,6.5,2020,229399265913869,3,0,1,0,0,0,0,0,0,0,0,0,0,0,0,0,0,0,1,0,0,0,0,0,0,0,1,4,3,224.5,107389257,43454916599532,505
60,10395,2,2020-01-14,5,2020-02-17,1,5,2,0,2020,82195030760987,0,0,1,0,0,0,0,0,0,0,0,0,1,0,0,0,0,0,0,0,0,0,0,0,0,0,1,4,3,625,307790191,547690980641775,505
61,10513,2,2020-02-10,5,2020-02-17,1,6,3,0,2020,227058639653716,1,0,1,0,0,0,0,0,0,0,0,0,0,0,0,0,0,0,1,0,0,0,0,0,0,0,1,4,3,387,106904076,431301257805133,505
62,10137,2,2019-10-29,5,2020-02-18,1,12,4,1.37,2020,724731746105992,0,0,2,0,0,0,1,0,0,0,0,0,0,0,0,0,0,0,0,1,0,0,0,0,0,0,0,5,3,148,32813795,362219727891156,144
63,10083,0,2019-10-17,3,2020-02-19,0,1,0,0,2020,72543605249572,1,0,2,0,0,0,1,0,0,0,1,0,0,0,0,0,0,0,0,0,0,0,0,0,0,0,2,5,12,115,19087377,62937132038835,830
64,10102,2,2019-10-23,4,2020-02-19,1,8,5,3.43,2020,105657427339118,1,0,1,0,0,0,1,0,0,0,0,0,0,0,0,0,0,0,0,0,0,0,0,0,0,0,1,3,15,127,30282748,596273596820098,125
65,10354,2,2020-01-06,4,2020-02-19,1,4,2,0.23,2020,411768420412554,1,0,1,0,0,0,0,0,0,0,0,0,0,0,0,0,0,1,0,0,0,0,0,0,0,0,1,0,11,508,76840145,737138461301631,518
66,10445,2,2020-01-24,4,2020-02-19,1,5,3,0,2020,301971560877497,1,0,3,1,0,0,1,0,0,0,0,0,0,0,0,0,0,0,0,1,0,0,0,0,0,0,1,0,11,954,142521189,335178127113703,518
67,10222,1,2019-11-19,1,2020-02-20,1,2,0,0.73,2020,301971560877497,0,0,5,1,0,0,1,1,0,0,0,0,0,0,0,0,0,0,0,1,0,1,0,0,0,0,1,3,10,432,122680666,427728671720117,280
68,10333,2,2019-12-19,3,2020-02-20,0,4,2,0.5,2020,732479116393003,0,0,1,0,0,0,0,0,0,0,0,0,0,0,0,0,0,1,0,0,0,0,0,0,0,0,1,3,10,84,18258603,648873019230769,340
69,10441,1,2020-01-24,4,2020-02-20,1,4,2,4.53,2020,340623920669816,1,0,1,0,0,0,1,0,0,0,0,0,0,0,0,0,0,0,0,0,0,0,0,0,0,0,1,3,4,643,92949243,615618373550028,574
70,10073,1,2019-10-16,1,2020-02-27,0,1,0,0,2020,225378190867272,3,0,1,0,0,0,0,0,0,0,0,0,0,0,0,0,0,0,0,0,1,0,0,0,0,0,0,3,8,357,52796835,67001978125,203
71,10078,2,2019-10-17,4,2020-02-27,0,9,1,3.7,2020,760968333411291,0,0,1,0,0,0,1,0,0,0,0,0,0,0,0,0,0,0,0,0,0,0,0,0,0,0,1,3,8,153,197431,634539312323569,201
72,10296,2,2019-12-09,5,2020-02-27,0,7,4,0.33,2020,124863911747977,0,0,1,0,0,0,0,0,0,0,0,0,1,0,0,0,0,0,0,0,0,0,0,0,0,0,1,4,3,170,347878,663475983783141,505
73,10337,1,2019-12-20,5,2020-02-27,0,3,0,1.17,2020,193261798961598,3,1,1,0,0,0,0,0,0,0,0,0,0,0,0,0,0,0,0,1,0,0,0,0,0,0,2,5,12,395,48956963,64317082361516,836
74,10340,1,2019-12-20,5,2020-02-27,0,4,0,0,2020,139452761797091,3,1,1,0,0,0,0,0,0,0,1,0,0,0,0,0,0,0,0,0,0,0,0,0,0,0,2,5,12,523,634545,359045454545455,836
75,10355,0,2020-01-06,4,2020-02-27,0,7,1,5.57,2020,724731746105992,1,1,1,0,0,0,0,0,0,0,0,0,0,0,0,0,0,0,0,1,0,0,0,0,0,0,0,5,1,188,225191,562310981535471,39
76,10599,2,2020-02-26,5,2020-02-27,1,28,20,2.77,2020,170741566819365,0,0,1,0,0,0,1,0,0,0,0,0,0,0,0,0,0,0,0,0,0,0,0,0,0,0,1,4,1,238,58935906,583066552379067,514
77,10248,2,2019-11-26,4,2020-03-04,1,8,3,1.87,2020,809386509753033,0,0,1,0,0,0,1,0,0,0,0,0,0,0,0,0,0,0,0,0,0,0,0,0,0,0,0,0,20,158,22449379,609576017391304,261
78,10323,0,2019-12-16,1,2020-03-04,1,2,0,19.53,2020,591204057618505,0,0,1,0,0,0,1,0,0,0,0,0,0,0,0,0,0,0,0,0,0,0,0,0,0,0,0,0,19,111,18120793,568552547619048,303
79,10378,2,2020-01-10,4,2020-03-04,1,9,4,0,2020,401174185404105,0,0,1,0,0,0,1,0,0,0,0,0,0,0,0,0,0,0,0,0,0,0,0,0,0,0,0,0,20,82,10997426,614125403508772,261
80,10170,1,2019-11-05,3,2020-03-05,1,4,2,6.27,2020,482816645445724,0,0,1,0,0,0,0,0,0,0,0,0,0,0,0,0,0,0,0,1,0,0,0,0,0,0,1,3,10,30,3617133,444969617922357,285
81,10320,0,2019-12-16,4,2020-03-09,0,1,0,0,2020,167122407133322,1,1,1,0,0,0,0,0,0,0,0,0,0,0,0,0,0,0,0,0,1,0,0,0,0,0,3,0,20,808,54309734,542563191612298,478
82,10361,0,2020-01-07,1,2020-03-10,0,1,0,0,2020,597485598739083,0,0,3,0,0,0,0,0,0,0,0,1,0,0,0,0,0,0,0,0,0,0,0,0,0,0,0,2,13,206,26001087,387435003092146,660
83,10326,1,2019-12-17,4,2020-03-11,0,3,1,17.87,2020,958595151946624,1,0,1,0,0,0,1,0,0,0,0,0,0,0,0,0,0,0,0,0,0,0,0,0,0,0,2,3,4,2043,3315244,513180029368576,231
84,10477,1,2020-02-03,5,2020-03-11,1,10,4,4,2020,182165996101703,1,0,3,1,1,0,0,0,0,0,0,0,0,0,0,0,0,1,0,0,0,0,0,0,0,0,0,5,1,1306,396882646,693321796299039,66
85,10391,1,2020-01-14,4,2020-03-12,0,4,2,03.03,2020,50695747771801,0,0,1,0,0,0,0,0,0,0,0,0,0,0,0,0,0,0,0,0,1,0,0,0,0,0,2,3,10,119,13602203,622318395113147,567
86,10079,1,2019-10-17,4,2020-03-17,0,7,0,1.2,2020,971263802047307,0,0,1,0,0,0,0,0,0,0,0,0,0,0,0,0,0,0,0,0,1,0,0,0,0,0,0,5,0,170,368300,466231884057971,487
87,10332,1,2019-12-19,5,2020-03-17,0,4,2,8.77,2020,872729796467695,0,0,1,0,0,0,0,0,0,0,0,0,0,0,0,0,0,0,0,1,0,0,0,0,0,0,2,5,21,189,28468721,540827080645161,234
88,10407,0,2020-01-17,4,2020-03-17,0,1,0,0,2020,434957324761755,0,0,1,0,0,0,0,0,0,0,0,0,0,0,0,0,0,0,0,0,1,0,0,0,0,0,2,5,0,770,1157164,625513268608414,803
89,10377,0,2020-01-10,1,2020-03-18,0,1,0,0,2020,555239142262583,1,0,1,0,0,0,0,0,0,0,0,0,0,0,0,0,0,0,0,1,0,0,0,0,0,0,0,2,16,253,385582,42450447761194,657
90,10435,0,2020-01-22,1,2020-03-18,0,1,0,0,2020,682700322577026,0,0,1,0,0,0,0,0,0,0,0,0,0,0,0,0,0,0,0,1,0,0,0,0,0,0,3,5,1,129,256167,471820618556701,638
91,10748,0,2020-03-16,2,2020-03-19,0,2,1,1.87,2020,972251500058895,0,0,2,0,0,0,0,0,0,0,0,0,1,0,0,0,0,0,0,0,0,0,0,0,0,0,2,2,14,184,232289,663691238010741,307
92,10126,0,2019-10-25,5,2020-03-27,0,1,0,0,2020,276352177436996,2,0,1,0,0,0,0,0,0,0,0,0,0,0,0,0,0,1,0,0,0,0,0,0,0,0,0,2,5,481,103870248,470926168603106,368
93,10496,0,2020-02-06,5,2020-03-27,0,1,0,0,2020,265549154995148,2,0,3,0,0,0,0,0,0,0,0,0,1,0,0,0,0,0,0,0,1,0,0,0,0,0,0,2,5,379,60689319,67829668219972,471
94,10636,1,2020-03-03,2,2020-03-27,1,2,0,3.53,2020,171730698887443,0,0,1,0,0,0,0,0,0,0,0,0,0,0,0,0,0,1,0,0,0,0,0,0,0,0,0,5,21,28,4910843,597471885245902,183
95,10247,0,2019-11-26,0,2020-03-30,0,1,0,0,2020,38597178597062,0,0,4,0,0,0,1,0,0,0,0,0,0,0,0,0,0,0,0,0,0,0,0,0,0,0,0,3,4,63,12586175,540985594456601,376
96,10776,2,2020-03-26,2,2020-03-30,1,6,5,3.97,2020,717890655188661,1,0,1,0,0,0,0,0,0,0,1,0,0,0,0,0,0,0,0,0,0,0,0,0,0,0,1,3,6,16,354138,305611764705882,56
97,10569,1,2020-02-20,4,2020-03-31,0,8,5,3.9,2020,108387409758698,1,0,1,0,0,0,0,0,0,0,1,0,0,0,0,0,0,0,0,0,0,0,0,0,0,0,1,0,20,242,29030111,622985571428571,384
98,10389,2,2020-01-13,5,2020-04-01,1,4,1,2.63,2020,71436905349115,0,0,2,0,0,0,0,0,0,0,0,0,0,0,0,0,0,1,0,0,1,0,0,0,0,0,1,5,9,209,23167967,542067164105351,286
99,10433,0,2020-01-22,4,2020-04-01,0,2,0,16.3,2020,111548461327742,1,0,1,0,0,0,1,0,0,0,0,0,0,0,0,0,0,0,0,0,0,0,0,0,0,0,0,1,17,262,31699198,598744329113924,19
100,10372,2,2020-01-10,4,2020-04-06,1,9,6,1.57,2020,181619250887581,1,0,1,0,0,0,0,0,0,0,0,0,0,0,0,0,0,0,0,0,1,0,0,0,0,0,1,3,15,490,78843712,387026534499514,125
101,10476,1,2020-02-03,1,2020-04-07,0,2,0,8.17,2020,119868705585803,3,0,1,0,0,0,0,0,0,0,0,0,0,0,0,0,0,0,0,0,1,0,0,0,0,0,4,5,9,351,34436444,594352339723768,232
102,10479,0,2020-02-03,4,2020-04-08,1,1,0,0,2020,374887549629936,0,0,2,0,0,0,0,0,0,0,0,0,0,0,0,0,0,1,0,1,0,0,0,0,0,0,2,5,1,830,124927825,529462052730697,821
103,10600,0,2020-02-26,3,2020-04-09,0,1,0,0,2020,338881398743227,1,0,1,0,0,0,0,0,0,0,0,0,0,0,0,0,0,0,0,0,1,0,0,0,0,0,3,2,13,82,8469988,647083833333333,331
104,10818,0,2020-04-08,4,2020-04-09,1,2,0,16.77,2020,635402625670538,0,0,1,0,0,0,0,0,0,0,0,0,1,0,0,0,0,0,0,0,0,0,0,0,0,0,0,1,17,126,28985536,355876977777778,32
105,10720,1,2020-03-10,0,2020-04-13,0,4,1,2.47,2020,423778252071021,0,0,1,0,0,0,0,0,0,0,0,0,0,0,0,0,0,0,0,0,1,0,0,0,0,0,2,1,17,65,117945,60701374427322,323
106,10277,0,2019-12-02,0,2020-04-14,0,1,0,0,2020,312053293155267,1,0,1,0,0,0,0,0,0,0,0,0,0,0,0,0,0,0,0,1,0,0,0,0,0,0,3,2,13,13,16004433,275817511312217,174
107,10643,1,2020-03-03,4,2020-04-14,0,5,0,10.43,2020,254161050268215,1,0,1,0,0,0,0,0,0,0,0,0,0,0,0,0,0,0,0,1,0,0,0,0,0,0,2,5,0,393,74368727,586840405555555,739
108,10733,2,2020-03-11,3,2020-04-15,1,5,2,1.83,2020,106415820174393,0,0,1,0,0,0,1,0,0,0,0,0,0,0,0,0,0,0,0,0,0,0,0,0,0,0,1,3,10,233,27818264,630886167319047,340
109,10829,2,2020-04-14,5,2020-04-16,1,5,2,0.5,2020,217943101065097,0,0,1,0,0,0,0,0,0,0,1,0,0,0,0,0,0,0,0,0,0,0,0,0,0,0,1,5,9,48,6833027,557303077421445,286
110,10136,2,2019-10-28,4,2020-04-22,1,5,4,2.37,2020,159824940781071,3,0,2,0,0,0,0,0,0,0,0,0,0,0,0,0,0,0,1,0,0,1,0,0,0,0,1,2,14,6543,718563777,365170265041081,337
111,10635,2,2020-03-03,2,2020-04-24,1,4,1,10.97,2020,141915237610791,0,0,1,0,0,0,1,0,0,0,0,0,0,0,0,0,0,0,0,0,0,0,0,0,0,0,2,1,7,290,4038304,598203202079411,825
112,10637,1,2020-03-03,0,2020-04-27,0,5,1,0.47,2020,469788462295875,0,0,1,0,0,0,0,0,0,0,0,0,0,0,0,0,0,0,0,0,1,0,0,0,0,0,2,1,17,91,121459,634940338432869,323
113,10301,2,2019-12-09,3,2020-04-30,0,3,2,8.13,2020,501262073514838,1,0,1,0,0,0,0,0,0,0,0,0,1,0,0,0,0,0,0,0,0,0,0,0,0,0,2,1,17,105,12696193,64236076056338,33
114,10811,0,2020-04-06,5,2020-05-05,0,1,0,0,2020,354347898461213,0,0,1,0,0,0,0,1,0,0,0,0,0,0,0,0,0,0,0,0,0,0,0,0,0,0,2,5,0,54,9214112,63143552,243
115,10846,0,2020-04-22,5,2020-05-08,0,3,1,0.53,2020,135073740532603,1,0,3,1,0,0,1,0,0,0,0,0,0,0,0,0,0,0,0,0,0,1,0,0,0,0,0,3,15,227,35544752,614008698846226,690
116,10111,2,2019-10-23,4,2020-05-11,0,7,3,10.63,2020,751217541334614,1,0,1,0,0,0,0,0,0,0,0,0,1,0,0,0,0,0,0,0,0,0,0,0,0,0,0,5,8,1208,2283825,569089622641509,423
117,10771,2,2020-03-24,4,2020-05-11,0,6,2,1.63,2020,141739159384485,1,0,1,0,0,0,1,0,0,0,0,0,0,0,0,0,0,0,0,0,0,0,0,0,0,0,2,0,20,252,52662885,47337115,666
118,10548,0,2020-02-18,1,2020-05-14,1,1,0,0,2020,607706644827878,1,0,1,0,0,0,0,0,0,0,0,0,1,0,0,0,0,0,0,0,0,0,0,0,0,0,2,5,12,22,4479606,-448060641399417,662
119,10788,0,2020-03-30,1,2020-05-15,0,1,0,0,2020,463072463358843,0,0,4,1,0,0,1,0,0,1,0,0,0,0,0,0,0,0,0,0,0,0,0,0,0,0,3,0,19,63,19775174,380071099184617,198
120,10062,2,2019-10-16,5,2020-05-18,0,9,5,6.53,2020,167727033972494,0,0,1,0,0,0,0,0,0,0,0,0,1,0,0,0,0,0,0,0,0,0,0,0,0,0,1,5,0,242,556087,530073942620526,849
121,10349,0,2020-01-02,4,2020-05-18,0,1,0,0,2020,85078930275903,0,0,1,0,0,0,0,0,0,0,0,0,0,1,0,0,0,0,0,0,0,0,0,0,0,0,2,5,0,16,2504189,582808996251562,356
122,10458,0,2020-01-28,3,2020-05-18,0,6,1,0.17,2020,150244529214086,0,0,2,0,0,0,0,0,0,0,0,0,1,0,0,0,0,0,0,0,0,0,0,0,0,0,1,3,4,33,48510,542358490566038,51
123,10520,1,2020-02-11,5,2020-05-18,0,3,0,10.27,2020,313101803221315,1,0,3,0,0,0,0,0,0,0,0,0,1,0,0,0,0,0,0,0,0,0,0,0,0,0,2,1,19,668,78833409,643126260751471,536
124,10537,0,2020-02-14,0,2020-05-18,0,1,0,0,2020,259382687100054,1,0,1,0,0,0,0,0,0,0,0,0,1,0,0,0,0,0,0,0,0,0,0,0,0,0,0,5,12,230,1081763,408872677595628,43
125,10514,2,2020-02-10,1,2020-05-21,0,3,2,0.97,2020,114808718420801,0,0,1,0,0,0,0,0,0,0,0,0,0,0,0,0,0,0,0,0,1,0,0,0,0,0,1,5,0,155,32287124,601393530864198,118
126,10711,1,2020-03-09,1,2020-05-21,0,3,0,1.47,2020,190819886475954,3,0,1,0,0,0,0,0,0,0,0,0,0,0,0,0,0,1,0,0,0,0,0,0,0,0,4,5,9,902,6065395,528757698949,232
127,10785,2,2020-03-27,2,2020-05-21,0,3,2,4.97,2020,303853322413939,1,0,1,0,0,0,0,0,0,0,0,0,1,0,0,0,0,0,0,0,0,0,0,0,0,0,2,2,14,64,12438893,419760093294461,311
128,10806,1,2020-04-02,3,2020-05-21,0,5,1,1.23,2020,212608739076728,1,0,1,0,0,0,0,0,0,0,0,0,0,1,0,0,0,0,0,0,0,0,0,0,0,0,2,4,3,514,67391769,55072154,38
129,10842,2,2020-04-20,5,2020-05-21,0,6,3,1.17,2020,425394651379515,3,0,1,0,0,0,0,0,0,0,0,0,0,0,0,0,0,0,0,0,1,0,0,0,0,0,1,5,9,179,13763421,541410379008746,286
130,10024,0,2019-10-10,0,2020-05-22,0,1,0,0,2020,496087062707351,0,0,1,0,0,0,0,0,0,0,0,0,1,0,0,0,0,0,0,0,0,0,0,0,0,0,3,5,1,83,113921,674511428571429,44
131,10132,0,2019-10-28,4,2020-05-22,0,5,3,7.37,2020,219695699719861,1,0,1,0,0,0,0,0,0,0,1,0,0,0,0,0,0,0,0,0,0,0,0,0,0,0,2,1,3,43,51715,666354838709677,831
132,10210,2,2019-11-13,5,2020-05-22,0,16,6,0,2020,977979872694925,3,0,1,0,0,0,0,0,0,0,0,0,0,0,0,0,0,0,0,0,1,0,0,0,0,0,0,1,3,119,988089,390322550789023,144
133,10246,2,2019-11-25,5,2020-05-22,0,18,6,0,2020,353685267289825,3,0,1,0,0,0,0,0,0,0,0,0,0,0,0,0,0,1,0,0,0,0,0,0,0,0,0,1,3,110,1779621,286817949565688,144
134,10266,1,2019-11-28,3,2020-05-22,0,3,0,2.33,2020,145849594758691,1,0,1,0,0,0,0,0,0,0,0,0,0,0,0,0,0,0,0,0,1,0,0,0,0,0,4,1,17,515,543166,472141885325559,214
135,10947,2,2020-05-22,4,2020-05-22,1,5,3,8.83,2020,422102907458502,0,0,2,0,0,0,1,0,0,0,0,0,0,0,0,0,0,0,0,0,0,0,0,0,0,0,1,1,19,1716,19627413,340925407086098,683
136,10338,0,2019-12-20,4,2020-05-27,0,2,0,2.33,2020,160165218649572,1,0,1,0,0,0,0,0,0,0,0,0,1,0,0,0,0,0,0,0,0,0,0,0,0,0,2,0,19,324,397473,648253982300885,341
137,10850,1,2020-04-23,0,2020-05-29,0,2,0,0.03,2020,940729886193556,1,0,1,0,0,0,1,0,0,0,0,0,0,0,0,0,0,0,0,0,0,0,0,0,0,0,2,3,8,216,36509913,449907519153841,846
138,10871,1,2020-05-08,4,2020-05-29,0,5,1,09.07,2020,132820364293581,1,0,1,0,0,0,0,0,0,0,0,0,1,0,0,0,0,0,0,0,0,0,0,0,0,0,0,3,4,1055.5,543372462,502770441068814,682
139,10951,2,2020-05-25,4,2020-05-29,1,5,3,3.3,2020,121541328965576,0,0,1,0,0,0,1,0,0,0,0,0,0,0,0,0,0,0,0,0,0,0,0,0,0,0,1,3,4,392,31089112,637444758017493,574
140,10855,0,2020-04-27,0,2020-06-01,1,1,0,0,2020,358801126959549,0,0,1,0,0,0,0,0,0,0,1,0,0,0,0,0,0,0,0,0,0,0,0,0,0,0,0,2,14,186,114609,548427895981087,64
141,10780,0,2020-03-26,0,2020-06-02,0,1,0,0,2020,614966463363822,1,0,1,0,0,0,0,0,0,0,0,0,1,0,0,0,0,0,0,0,0,0,0,0,0,0,3,2,14,177,16131534,629160137931034,315
142,10815,0,2020-04-07,3,2020-06-02,0,1,0,0,2020,436414131361422,2,0,1,0,0,0,0,0,0,0,1,0,0,0,0,0,0,0,0,0,0,0,0,0,0,0,2,2,5,124,18467547,401763945578231,640
143,10143,2,2019-10-29,5,2020-06-03,0,18,8,0,2020,787969959402568,0,0,1,0,0,0,0,0,0,0,0,0,0,0,0,0,0,0,1,0,0,0,0,0,0,0,1,3,4,112,198091,644600134559318,163
144,10265,2,2019-11-28,2,2020-06-03,0,2,1,9.8,2020,325154676344297,0,0,1,0,0,0,0,0,0,0,0,0,0,0,0,0,0,0,0,0,1,0,0,0,0,0,2,3,4,72,8638291,624422130434783,165
145,10467,0,2020-01-30,2,2020-06-03,0,1,0,0,2020,12157952182065,1,0,1,0,0,0,0,0,0,0,0,0,0,0,0,0,0,0,0,0,1,0,0,0,0,0,2,3,10,220,350883,591996511627907,566
146,10549,0,2020-02-18,3,2020-06-03,1,1,0,0,2020,276395616528901,1,0,3,1,0,0,0,0,0,0,0,0,1,0,0,0,0,0,0,0,0,0,0,0,0,0,2,1,20,701,92456419,52710132985525,278
147,10729,2,2020-03-11,4,2020-06-03,0,7,4,2.8,2020,89586123076692,0,0,3,0,0,0,0,0,0,0,0,0,0,0,0,0,0,0,0,1,0,0,0,0,0,0,0,3,8,183,36678578,421192802502791,627
148,10773,0,2020-03-25,0,2020-06-03,1,1,0,0,2020,382763608612965,1,0,3,0,0,0,0,0,0,0,0,0,1,0,0,0,0,0,0,1,0,0,0,0,0,0,1,1,17,36,168333,378271468144044,190
149,10066,2,2019-10-16,5,2020-06-04,1,11,8,3.47,2020,394796406920247,0,0,2,0,0,0,0,0,0,0,0,0,1,0,0,0,0,0,0,0,0,0,0,0,0,0,1,1,3,1142,9487592,66026133143251,122
150,10531,0,2020-02-13,3,2020-06-04,0,2,0,22.4,2020,374634740795161,1,0,1,0,0,0,1,0,0,0,0,0,0,0,0,0,0,0,0,0,0,0,0,0,0,0,0,3,4,108,10573398,601003849056604,684
151,10743,2,2020-03-12,4,2020-06-08,0,5,3,6.23,2020,127287454980415,0,0,1,0,0,0,0,0,0,0,0,0,1,0,0,0,0,0,0,0,0,0,0,0,0,0,0,0,11,44,341245,62099680688602,405
152,10783,2,2020-03-26,4,2020-06-08,1,6,5,1.57,2020,715234270842331,0,0,1,0,0,0,0,0,0,0,0,0,0,0,0,0,0,0,1,0,0,0,0,0,0,0,1,2,14,129,21957596,565991085635223,337
153,10820,0,2020-04-09,3,2020-06-08,0,1,0,0,2020,154095041582323,0,0,1,0,0,0,0,0,0,0,1,0,0,0,0,0,0,0,0,0,0,0,0,0,0,0,3,3,4,42,490346,55014128440367,55
154,10914,0,2020-05-19,2,2020-06-08,0,1,0,0,2020,429769665598371,1,0,1,0,0,0,0,0,0,0,1,0,0,0,0,0,0,0,0,0,0,0,0,0,0,0,3,5,9,85,10325151,660356875,664
155,10841,2,2020-04-20,5,2020-06-09,1,12,9,0.17,2020,727356885602371,1,0,1,0,0,0,0,0,0,0,0,0,0,0,0,0,0,1,0,0,0,0,0,0,0,0,1,1,3,122,20335411,604753916423712,122
156,10853,2,2020-04-26,5,2020-06-09,1,8,4,3.43,2020,224632051503532,0,0,1,0,0,0,0,0,0,0,0,0,1,0,0,0,0,0,0,0,0,0,0,0,0,0,1,4,3,208.5,103781979,439924560172693,505
157,10964,0,2020-05-27,4,2020-06-12,0,1,0,0,2020,2453617227432,1,2,3,0,0,0,0,0,0,0,1,0,0,0,0,0,0,0,0,1,1,0,0,0,0,0,4,2,16,539,89658679,483717044440951,395
158,10957,0,2020-05-25,3,2020-06-15,0,1,0,0,2020,914674255999951,0,0,2,0,0,0,0,0,0,0,0,0,1,0,0,0,0,1,0,0,0,0,0,0,0,0,0,5,0,18,43381466,329498207109737,264
159,10734,2,2020-03-11,5,2020-06-16,1,5,3,3.43,2020,971021442279165,0,0,1,0,0,0,0,0,0,0,0,0,0,0,0,0,0,1,0,0,0,0,0,0,0,0,1,3,15,183,25564951,627798327891884,164
160,10821,0,2020-04-10,0,2020-06-16,0,1,0,0,2020,236656060915113,1,0,2,0,0,0,0,0,0,0,0,0,0,0,0,0,0,0,0,1,0,0,0,0,0,0,3,5,1,54,9443264,435886260454002,652
161,10622,2,2020-02-27,4,2020-06-18,1,2,1,6.17,2020,747323260040457,0,0,3,0,0,0,0,0,0,0,0,0,0,0,0,0,0,0,0,0,1,0,0,0,0,0,0,4,8,1344,141399101,733932124712639,569
162,10896,0,2020-05-14,0,2020-06-22,0,1,0,0,2020,110269849606419,0,0,1,0,0,0,0,0,0,0,0,0,0,0,0,0,0,1,0,0,0,0,0,0,0,0,3,5,18,11.5,4807682,383630512820513,829
163,10910,2,2020-05-18,1,2020-06-22,0,3,1,05.03,2020,583864707180694,1,0,1,0,0,0,1,0,0,0,0,0,0,0,0,0,0,0,0,0,0,0,0,0,0,0,2,5,2,104,15735021,619006755447942,826
164,10844,1,2020-04-22,5,2020-06-23,0,5,0,3.9,2020,183783082677365,1,0,1,0,0,0,0,0,0,0,0,0,0,0,0,0,0,1,0,0,0,0,0,0,0,0,2,5,12,28,4923181,621293769230769,836
165,10208,2,2019-11-13,5,2020-06-25,1,19,6,1.13,2020,231390409232254,1,0,1,0,0,0,0,0,0,0,0,0,1,0,0,0,0,0,0,0,0,0,0,0,0,0,0,1,3,545,89819526,52943273870334,144
166,10848,2,2020-04-23,5,2020-06-25,1,20,7,0,2020,156427626623991,3,0,1,0,0,0,0,0,0,0,0,0,1,0,0,0,0,0,0,0,0,0,0,0,0,0,0,1,3,383,66213701,486866094958487,144
167,10906,2,2020-05-18,4,2020-06-29,0,6,2,3.63,2020,198386718077954,3,0,1,0,0,0,1,0,0,0,0,0,0,0,0,0,0,0,0,0,0,0,0,0,0,0,1,4,4,3843,797043885,4320216043209,818
168,10250,0,2019-11-26,5,2020-07-02,1,1,0,0,2020,436056724225999,1,0,1,0,0,0,0,0,0,0,0,0,1,0,0,0,0,0,0,0,0,0,0,0,0,0,3,3,8,116,17989199,41887374720367,342
169,10519,0,2020-02-11,4,2020-07-03,1,1,0,0,2020,760985419009361,1,0,1,0,0,0,0,0,0,0,0,0,0,0,0,0,0,0,0,0,1,0,0,0,0,0,2,1,17,105,388558,280747836549586,600
170,10827,2,2020-04-13,5,2020-07-03,1,14,6,0.77,2020,252119054556929,3,0,2,0,0,0,0,0,0,0,0,0,1,0,0,0,0,0,0,0,0,1,0,0,0,0,0,4,4,328,67955934,674420162520245,819
171,10353,1,2020-01-06,2,2020-07-06,0,2,1,10.37,2020,723540104740646,3,0,1,0,0,0,0,0,0,0,0,0,0,0,0,0,0,0,0,0,1,0,0,0,0,0,2,5,0,208,24052385,531729072263296,77
172,10798,0,2020-03-31,3,2020-07-08,0,1,0,0,2020,184772006834991,0,0,3,0,0,0,0,0,0,0,0,0,1,0,0,0,0,1,0,0,0,0,0,0,0,0,0,3,8,325,46559782,645042448730655,420
173,10944,0,2020-05-22,2,2020-07-08,0,1,0,0,2020,177080099090115,2,0,2,0,0,0,0,0,0,0,0,0,0,0,0,0,0,0,0,1,1,0,0,0,0,0,3,2,14,600,861666,31455777009693,336
174,10807,0,2020-04-02,1,2020-07-09,1,2,0,23.77,2020,318593189191768,0,0,3,0,0,0,0,0,0,0,0,0,1,0,0,0,0,0,0,0,0,0,0,0,0,0,0,4,17,673,130260979,506128873386287,695
175,10960,0,2020-05-26,5,2020-07-09,1,1,0,0,2020,28736364610249,1,0,1,0,0,0,1,0,0,0,0,0,0,0,0,0,0,0,0,0,0,0,0,0,0,0,3,0,20,588,81761561,599208034313725,615
176,10973,2,2020-05-28,2,2020-07-10,1,2,0,30,2020,108712202715623,0,0,1,0,0,0,1,0,0,0,0,0,0,0,0,0,0,0,0,0,0,0,0,0,0,0,0,1,3,252,29476748,618053151927438,591
177,11009,0,2020-06-15,0,2020-07-10,0,1,0,0,2020,193266138161108,3,0,1,0,0,0,0,0,0,0,0,0,0,0,0,0,0,0,1,0,0,0,0,0,0,0,3,5,18,52,7839488,428608746355685,466
178,10866,1,2020-05-05,2,2020-07-13,1,7,2,9.73,2020,733203411648702,1,0,1,0,0,0,0,0,0,0,0,0,0,0,0,0,0,0,0,1,0,0,0,0,0,0,1,2,14,284,37367036,282096896748815,334
179,10916,1,2020-05-19,3,2020-07-14,0,6,2,8.1,2020,885400495450574,0,0,2,0,0,0,0,1,0,0,1,0,0,0,0,0,0,0,0,0,0,0,0,0,0,0,1,1,17,140,240275,617730069938971,593
180,10171,0,2019-11-05,5,2020-07-15,0,1,0,0,2020,181187004526038,3,0,1,0,0,0,0,0,0,0,0,0,0,0,0,0,0,0,0,0,1,0,0,0,0,0,2,0,20,764,93043625,276628765792031,309
181,10859,2,2020-04-30,4,2020-07-15,1,17,6,5.6,2020,39560536052346,1,0,2,0,0,0,0,0,0,0,0,0,0,0,0,0,0,0,0,0,1,1,0,0,0,0,0,1,17,74,11114375,604246708991921,160
182,10952,1,2020-05-25,4,2020-07-15,1,9,3,4.4,2020,120791336350692,0,0,2,1,0,0,0,0,0,0,0,0,0,0,0,0,0,1,0,0,0,0,0,0,0,0,0,0,19,328,41645359,514339836734694,735
183,11070,1,2020-06-25,4,2020-07-15,1,4,2,4.27,2020,241582672701384,1,0,2,0,0,0,0,0,0,0,0,0,1,0,0,0,0,1,0,0,0,0,0,0,0,0,1,0,11,600,116899606,318369644314869,449
184,11091,2,2020-07-02,5,2020-07-15,1,2,1,2.6,2020,151908307954059,0,0,2,0,0,0,0,0,0,0,0,0,0,0,0,0,0,0,0,1,0,0,0,0,0,0,1,1,3,12,7035556,347593100890208,561
185,10739,1,2020-03-12,5,2020-07-16,0,5,1,1.43,2020,506840447327504,2,0,2,0,0,0,0,0,0,0,0,0,0,0,0,0,0,0,0,0,1,0,0,0,0,0,0,3,15,994,152304724,576704388741742,690
186,10571,1,2020-02-20,3,2020-07-17,0,2,0,5.6,2020,122579048128682,0,1,2,0,0,0,1,0,0,0,0,0,1,0,0,0,0,0,0,0,0,0,0,0,0,0,4,3,10,102,50099105,424274613274557,269
187,11099,2,2020-07-07,3,2020-07-17,1,5,3,4.47,2020,120791336350692,0,0,1,0,0,0,0,0,0,0,0,0,0,0,0,0,0,0,0,1,0,0,0,0,0,0,1,3,10,4,463419,459569679300292,285
188,10802,2,2020-04-01,4,2020-07-20,0,10,1,4.8,2020,878153015269532,3,0,2,0,0,0,0,1,0,0,0,0,1,0,0,0,0,0,0,0,0,0,0,0,0,0,1,3,8,490,346274,444542294470832,201
189,11085,2,2020-06-30,5,2020-07-20,0,6,4,1.13,2020,569092714579962,1,0,2,0,0,0,0,0,0,0,0,0,1,0,0,0,0,0,0,1,0,0,0,0,0,0,1,3,15,71,24551226,392296386138614,164
190,10784,1,2020-03-27,0,2020-07-21,0,2,0,1.67,2020,129905270973978,1,0,2,0,0,0,0,0,0,0,0,0,1,0,0,0,0,0,0,0,1,0,0,0,0,0,2,2,13,351,55366659,399624170461939,25
191,10728,2,2020-03-11,4,2020-07-23,1,4,2,0.03,2020,265740939971523,0,0,1,0,0,0,0,0,0,0,0,0,0,0,0,0,0,0,0,1,0,0,0,0,0,0,1,3,8,37.5,11436337,393780174927114,601
192,10797,0,2020-03-31,4,2020-07-23,1,1,0,0,2020,387377465381795,2,0,1,0,0,0,0,0,0,0,0,0,0,0,0,0,0,0,0,0,1,0,0,0,0,0,2,2,5,110,15508061,436070509090909,563
193,10938,0,2020-05-21,0,2020-07-23,1,1,0,0,2020,35248673084816,0,0,2,0,1,0,0,0,0,0,1,0,0,0,0,0,0,0,0,0,0,0,0,0,0,0,2,2,13,49,17834886,287263128868925,709
194,11213,2,2020-07-23,4,2020-07-24,1,5,3,0.03,2020,265740939971523,0,0,1,0,0,0,0,0,0,0,0,0,0,0,0,0,0,0,0,1,0,0,0,0,0,0,1,3,8,37.5,11436337,393780174927114,601
195,10812,0,2020-04-06,2,2020-07-27,0,1,0,0,2020,732495562338553,1,0,1,0,0,0,0,0,0,0,0,0,1,0,0,0,0,0,0,0,0,0,0,0,0,0,2,2,14,165,24901445,521126057692308,209
196,10878,0,2020-05-12,1,2020-07-28,0,1,0,0,2020,115508916203498,1,0,2,0,0,0,0,0,0,0,0,0,1,0,0,0,0,0,0,0,1,0,0,0,0,0,3,3,10,182,30726232,625289853658537,685
197,11084,2,2020-06-30,1,2020-07-29,1,3,2,8.9,2020,936132856717865,0,0,1,0,0,0,0,0,0,0,0,0,0,0,0,0,0,0,0,1,0,0,0,0,0,0,2,5,9,38,4029698,393631449261732,96
198,11064,0,2020-06-24,1,2020-07-30,1,1,0,0,2020,270460257482744,0,0,1,0,0,0,0,0,0,0,0,1,0,0,0,0,0,0,0,0,0,0,0,0,0,0,3,2,13,93,13840169,279158803178642,172
199,10722,0,2020-03-10,3,2020-07-31,1,1,0,0,2020,309901974721262,1,0,1,0,0,0,0,0,0,0,0,0,1,0,0,0,0,0,0,0,0,0,0,0,0,0,2,1,7,74,11231811,489463136363636,377
200,10761,0,2020-03-21,0,2020-07-31,1,1,0,0,2020,608788335207489,1,0,6,1,0,0,1,0,0,1,0,0,0,0,0,0,0,0,0,0,0,0,0,0,0,0,0,1,19,163,26392694,378688741437803,855
201,11016,2,2020-06-17,4,2020-07-31,0,8,3,2.7,2020,366247787208843,1,0,2,0,0,0,0,0,0,0,0,0,1,0,0,0,0,0,0,1,0,0,0,0,0,0,0,3,8,124,13908106,465072846153846,423
202,11069,2,2020-06-25,4,2020-07-31,1,6,3,7.73,2020,905935022630192,2,0,1,0,0,0,0,0,0,0,0,0,0,0,0,0,1,0,0,0,0,0,0,0,0,0,0,2,5,137,25580409,602248256559767,565
203,11081,0,2020-06-30,2,2020-07-31,0,1,0,0,2020,89026384455126,0,0,3,0,0,0,0,0,0,0,0,0,1,0,0,0,0,0,0,1,0,0,0,0,0,0,3,4,20,231,36639086,420267626582279,630
204,10745,0,2020-03-13,0,2020-08-03,0,1,0,0,2020,135468212030748,3,0,1,0,0,0,0,0,0,0,0,0,0,0,0,0,0,0,0,1,0,0,0,0,0,0,3,5,12,271,33956213,647757126556017,347
205,10274,0,2019-12-02,1,2020-08-04,0,1,0,0,2020,913426147736054,0,0,1,0,0,0,0,0,0,0,0,0,0,0,0,0,0,0,0,1,0,0,0,0,0,0,3,2,14,178,420578,352956923076923,306
206,10328,2,2019-12-17,1,2020-08-04,0,4,3,0.2,2020,156652686160979,0,0,1,0,0,0,0,0,0,0,0,0,0,0,0,0,0,0,0,1,0,0,0,0,0,0,2,5,9,7,4996517,551783396351665,96
207,10736,2,2020-03-11,4,2020-08-04,1,2,1,9.1,2020,396286710222755,0,0,1,0,0,0,0,0,0,0,0,0,0,0,0,0,0,0,0,1,0,0,0,0,0,0,4,5,1,6,1688955,401079787234043,189
208,10976,0,2020-06-02,4,2020-08-05,0,2,1,7.27,2020,243112039050128,1,0,1,0,0,0,0,0,0,0,0,0,0,0,0,0,0,0,0,1,0,0,0,0,0,0,2,0,19,23,5934411,656970462427746,153
209,11040,0,2020-06-22,5,2020-08-05,0,1,0,0,2020,27683856706695,1,0,1,0,0,0,0,0,0,0,1,0,0,0,0,0,0,0,0,0,0,0,0,0,0,0,3,1,7,45,6821376,653737258883249,247
210,11067,0,2020-06-24,0,2020-08-06,0,1,0,0,2020,103990121223416,0,0,3,0,0,0,1,0,0,0,0,0,1,0,0,0,0,0,0,0,0,0,0,0,0,0,3,5,1,140,30647884,585839405405405,422
211,11098,0,2020-07-06,2,2020-08-06,1,2,0,29.03,2020,19744070394785,0,0,3,1,0,0,1,0,0,0,0,0,0,0,0,0,0,0,0,0,0,1,0,0,0,0,2,5,1,394,52765581,62444426601819,380
212,10865,2,2020-05-05,2,2020-08-07,0,8,3,0.83,2020,964016530221411,1,0,1,0,0,0,0,0,0,0,0,0,0,0,0,0,0,0,0,1,0,0,0,0,0,0,1,2,14,42,4306099,372288775510204,334
213,11087,0,2020-07-01,1,2020-08-07,1,1,0,0,2020,680836674468872,1,0,1,0,0,0,0,0,0,0,0,0,0,0,0,0,0,1,0,0,0,0,0,0,0,0,2,2,16,265,34020367,297807126086844,519
214,10730,0,2020-03-11,4,2020-08-10,0,1,0,0,2020,238896223650536,1,1,1,0,0,0,0,0,0,0,1,0,0,0,0,0,0,0,0,0,0,0,0,0,0,0,3,0,19,451,67000703,605878217647059,383
215,10913,2,2020-05-18,4,2020-08-10,0,7,2,18.57,2020,551899463551758,1,0,1,0,0,0,0,0,0,0,0,0,1,0,0,0,0,0,0,0,0,0,0,0,0,0,0,1,3,591,238361061,479561002183406,467
216,10892,0,2020-05-14,3,2020-08-11,0,1,0,0,2020,107362774025098,0,0,3,0,0,0,0,0,0,0,0,0,1,0,0,0,0,0,0,0,1,0,0,0,0,0,0,1,19,198,27137028,644803298429319,179
217,11092,0,2020-07-03,0,2020-08-11,0,1,0,0,2020,36256015810552,0,0,1,0,0,0,0,0,0,0,0,0,0,0,0,0,0,0,0,0,1,0,0,0,0,0,3,2,14,117,18028355,301226550387597,49
218,11144,2,2020-07-14,4,2020-08-13,1,11,8,0.27,2020,291615000391977,0,0,4,1,0,0,0,0,0,0,0,0,0,0,0,0,0,1,0,0,0,0,0,0,0,0,1,3,15,555,103686559,500341859624605,125
219,10455,2,2020-01-28,1,2020-08-14,1,4,2,2.83,2020,182685350049277,0,0,1,0,0,0,0,0,0,0,0,0,0,0,0,0,0,0,0,1,0,0,0,0,0,0,1,5,0,13,9495581,269570692307692,118
220,10979,0,2020-06-03,1,2020-08-17,1,1,0,0,2020,327524616142724,1,0,2,0,0,0,0,0,0,0,0,0,0,0,0,0,0,0,0,1,1,0,0,0,0,0,0,4,16,399,188833944,305246710816777,302
221,11101,0,2020-07-07,4,2020-08-17,0,1,0,0,2020,104836797661578,3,0,1,0,0,0,0,0,0,0,0,0,0,0,0,0,0,0,0,0,1,0,0,0,0,0,2,5,0,125,51371649,311395073891626,82
222,11168,0,2020-07-15,1,2020-08-17,0,1,0,0,2020,281054380056501,1,0,1,0,0,0,0,0,0,0,1,0,0,0,0,0,0,0,0,0,0,0,0,0,0,0,3,3,15,66,8255857,58720715,321
223,11188,0,2020-07-21,4,2020-08-17,0,5,0,2.5,2020,578409918132847,3,0,1,0,0,0,0,0,0,0,0,0,0,0,0,0,0,0,0,0,1,0,0,0,0,0,2,3,8,158,17372447,577928887269193,626
224,10804,0,2020-04-01,3,2020-08-18,0,1,0,0,2020,466550272098812,0,0,2,0,0,0,0,0,0,0,0,0,1,0,0,0,0,0,0,0,0,0,0,0,0,0,3,5,1,132,11680116,648189277108434,539
225,11290,2,2020-08-13,5,2020-08-18,1,5,2,0,2020,525571690103146,0,0,1,0,0,0,0,0,0,0,0,0,0,0,0,0,0,0,0,1,0,0,0,0,0,0,1,1,3,2,2529696,323610695187166,561
226,10523,2,2020-02-12,5,2020-08-20,1,14,11,0.8,2020,964016530221411,1,0,1,0,0,0,0,0,0,0,0,0,0,1,0,0,0,0,0,0,0,0,0,0,0,0,1,1,3,107,25973953,621370947521866,122
227,10966,0,2020-05-28,0,2020-08-20,0,1,0,0,2020,591665145423391,0,0,1,0,0,0,0,0,0,0,0,0,0,0,0,0,0,0,0,0,1,0,0,0,0,0,3,2,16,186,23094131,451488163027795,446
228,11240,2,2020-08-03,3,2020-08-20,1,6,3,4.23,2020,154604151034259,0,0,1,0,0,0,0,0,0,0,0,0,0,0,0,0,0,0,0,1,0,0,0,0,0,0,1,3,10,345,61865189,437677373321002,340
229,11109,0,2020-07-09,4,2020-08-21,0,3,1,26.13,2020,546650767101108,1,0,1,0,0,0,0,0,0,0,0,0,0,0,0,0,0,0,0,0,1,0,0,0,0,0,2,1,3,60.5,19249383,505157249357327,629
230,11247,2,2020-08-05,2,2020-08-21,1,7,6,4.8,2020,190865997939798,0,0,1,0,0,0,0,0,0,0,0,0,0,0,0,0,0,0,0,0,1,0,0,0,0,0,1,3,6,207,26460862,805178992412094,56
231,10316,0,2019-12-16,4,2020-08-24,0,3,0,21.13,2020,432602417936858,1,0,1,0,0,0,0,0,0,0,0,0,1,0,0,0,0,0,0,0,0,0,0,0,0,0,2,5,12,832,147557597,520671781836491,575
232,11096,0,2020-07-06,4,2020-08-24,0,1,0,0,2020,319099729844189,0,0,4,0,0,0,0,0,0,0,0,0,1,0,0,0,0,0,0,0,1,0,0,0,0,0,2,1,20,517,84496639,627888267797227,401
233,11177,1,2020-07-20,2,2020-08-24,1,8,2,9.5,2020,351317978083178,0,0,3,0,0,0,0,0,0,1,0,0,0,0,0,0,0,1,0,0,0,1,0,0,0,0,0,1,17,818,108271087,566915652,69
234,10845,2,2020-04-22,1,2020-08-25,0,6,1,0.2,2020,80803135320637,1,0,1,0,0,0,0,0,0,0,0,0,0,0,0,0,0,0,0,0,1,0,0,0,0,0,2,5,2,152,26217327,544046486956522,826
235,10997,1,2020-06-09,3,2020-08-27,1,4,2,9.13,2020,508036711426684,0,0,2,0,0,0,1,0,0,0,0,0,0,0,0,0,0,0,0,1,0,0,0,0,0,0,2,4,3,128,20371877,516796086337761,462
236,10541,0,2020-02-14,1,2020-08-28,0,4,3,7.33,2020,179382965617503,0,0,2,0,0,0,0,0,0,0,0,0,0,0,0,0,0,0,1,1,0,0,0,0,0,0,2,3,6,348,50107962,607458190364277,141
237,10641,0,2020-03-03,2,2020-08-28,0,3,0,07.03,2020,327779464757674,3,0,3,0,0,0,0,0,0,0,0,0,1,0,0,0,0,0,0,1,0,0,0,0,0,0,2,5,2,832,118567616,491671205862116,602
238,10843,0,2020-04-20,1,2020-08-28,0,1,0,0,2020,147747583463059,2,0,5,0,0,0,0,0,0,0,0,0,1,0,0,0,0,0,0,0,0,0,0,0,0,0,2,2,14,1156,579827463,448508580313546,26
239,10959,0,2020-05-26,3,2020-08-28,1,2,0,2.47,2020,115440979494014,1,2,1,0,0,0,0,0,0,0,0,0,0,0,0,0,0,0,0,0,1,0,0,0,0,0,0,5,0,215.5,47626819,420235074286201,264
240,11002,2,2020-06-14,4,2020-08-28,1,2,1,12.13,2020,295230062380307,1,0,3,0,0,0,0,0,0,0,0,0,0,0,0,0,0,0,0,1,1,1,0,0,0,0,1,1,17,875,12624245,399095852918427,194
241,11073,0,2020-06-26,4,2020-08-28,1,1,0,0,2020,14052719002825,0,0,2,0,0,0,1,0,0,0,0,0,0,0,0,0,0,0,0,1,0,0,0,0,0,0,2,1,7,257,48727688,51272312,191
242,11295,2,2020-08-17,4,2020-08-28,0,7,2,5.93,2020,203648492009273,3,2,2,0,0,0,0,0,0,0,0,0,1,0,0,0,0,0,0,0,0,0,0,0,0,0,2,5,9,485,67090153,537045884727517,608
243,11329,0,2020-08-21,1,2020-08-28,1,1,0,0,2020,139121925056837,0,0,1,0,0,0,0,0,0,0,0,0,1,0,0,0,0,0,0,0,0,0,0,0,0,0,2,5,1,26,3925211,60351404040404,100
244,11249,1,2020-08-05,4,2020-08-31,0,3,0,3.5,2020,361506198833029,3,0,2,0,0,0,0,0,0,0,0,0,1,0,0,0,0,0,0,0,1,0,0,0,0,0,0,5,9,84,1017591,604434985422741,702
245,11266,2,2020-08-10,5,2020-08-31,1,7,4,1.4,2020,182199124211847,0,0,3,1,0,0,1,0,0,0,0,0,0,0,0,0,0,0,0,0,0,0,0,0,0,0,1,3,15,362,52655507,593876725746988,164
246,11360,2,2020-08-25,5,2020-08-31,1,2,1,8.3,2020,132552272905444,0,0,1,0,0,0,0,0,0,0,0,0,0,0,0,0,0,0,1,0,0,0,0,0,0,0,1,1,7,31,3693243,608455552610655,847
247,10794,2,2020-03-31,2,2020-09-01,0,5,1,14.5,2020,489719042982334,0,0,1,0,0,0,0,0,0,0,0,0,0,0,0,0,0,0,0,0,1,0,0,0,0,0,2,3,10,108,1166602,667367040424273,28
248,11146,0,2020-07-14,0,2020-09-01,0,1,0,0,2020,790255668382251,1,0,2,0,0,0,1,0,0,0,0,0,0,0,0,0,0,0,0,0,0,0,0,0,0,0,2,5,0,178,25909383,542196607474159,58
249,11232,0,2020-07-30,5,2020-09-01,0,1,0,0,2020,119735707330644,1,0,1,0,0,0,0,0,0,0,0,0,0,0,0,0,0,0,0,0,1,0,0,0,0,0,3,5,1,31,4920147,426221924198251,488
250,11365,2,2020-08-26,5,2020-09-01,1,8,4,2.13,2020,359207121991932,0,0,1,0,0,0,0,0,0,0,1,0,0,0,0,0,0,0,0,0,0,0,0,0,0,0,1,5,9,7,1201712,532862196307094,286
251,11071,0,2020-06-26,3,2020-09-03,0,1,0,0,2020,177208846849353,2,0,1,0,0,0,1,0,0,0,0,0,0,0,0,0,0,0,0,0,0,0,0,0,0,0,3,2,5,35,4955961,609490111102356,645
252,11210,2,2020-07-22,2,2020-09-03,1,9,3,0.9,2020,203550702462095,1,0,1,0,0,0,0,0,0,0,0,0,0,0,0,0,0,0,0,1,0,0,0,0,0,0,1,2,14,94,10048922,310655324987138,334
253,11138,1,2020-07-13,4,2020-09-04,1,3,1,6.8,2020,230395244494923,0,0,1,0,0,0,0,0,0,0,0,0,1,0,0,0,0,0,0,0,0,0,0,0,0,0,0,1,19,52,7903674,520989454545455,61
254,11322,2,2020-08-20,4,2020-09-04,1,4,1,1.23,2020,139633478173988,0,0,1,0,0,0,1,0,0,0,0,0,0,0,0,0,0,0,0,0,0,0,0,0,0,0,1,1,17,282.5,39212667,60787333,95
255,11017,2,2020-06-17,4,2020-09-08,0,14,10,0.9,2020,204981946476673,0,0,4,0,0,0,0,0,0,0,0,0,1,0,0,0,0,0,0,0,0,0,0,0,0,0,0,5,1,289,53175239,637770851498638,411
256,11045,0,2020-06-23,4,2020-09-08,0,3,0,5.8,2020,466969258589512,1,0,1,0,0,0,1,0,0,0,0,0,0,0,0,0,0,0,0,0,0,0,0,0,0,0,2,5,12,109,14367667,570377005307617,797
257,11094,2,2020-07-06,5,2020-09-08,1,9,5,03.03,2020,42089495840868,0,0,3,0,0,0,0,0,0,0,0,0,1,0,0,0,0,0,0,0,0,1,0,0,0,0,1,4,3,825,126127558,641193792671825,504
258,11180,1,2020-07-20,0,2020-09-08,0,2,0,5.8,2020,125670132272361,1,0,1,0,0,0,0,0,0,0,0,0,0,0,0,0,0,0,0,1,0,0,0,0,0,0,0,5,12,15,5609138,376762444444444,74
259,11361,0,2020-08-25,4,2020-09-08,0,1,0,0,2020,593442278647378,0,0,1,0,0,0,0,0,0,0,0,0,1,0,0,0,0,0,0,0,0,0,0,0,0,0,2,1,6,97,19932252,531005835294118,329
260,10857,0,2020-04-27,1,2020-09-09,0,1,0,0,2020,918788286289053,1,0,1,0,0,0,0,0,0,0,0,0,1,0,0,0,0,0,0,0,0,0,0,0,0,0,0,3,10,46,40765005,380471048632219,267
261,11042,1,2020-06-23,2,2020-09-09,0,4,0,18.63,2020,716019529837251,1,0,1,0,0,0,0,0,0,0,0,0,0,0,0,0,0,0,1,0,0,0,0,0,0,0,0,5,12,128,22394686,563273379681543,437
262,11162,1,2020-07-15,4,2020-09-09,0,3,0,10.8,2020,108360815134233,2,0,3,0,0,0,0,0,0,0,0,1,0,0,0,0,0,0,1,0,0,0,0,0,0,0,0,2,5,265,34430114,556334403943108,365
263,11276,0,2020-08-11,4,2020-09-10,1,1,0,0,2020,427278440147169,1,0,1,0,0,0,0,0,0,0,0,0,0,0,0,0,0,0,0,1,0,0,0,0,0,0,1,1,17,105,19985581,346876437908497,745
264,10397,1,2020-01-15,3,2020-09-11,0,1,0,0,2020,684204555042426,0,0,1,0,0,0,0,0,0,0,0,0,0,0,0,0,0,0,0,0,1,0,0,0,0,0,0,3,10,109,17130245,650403163265306,127
265,11163,0,2020-07-15,1,2020-09-11,1,1,0,0,2020,139611834747531,0,0,1,0,0,0,0,0,0,0,1,0,0,0,0,0,0,0,0,0,0,0,0,0,0,0,3,2,14,38,3831993,61674129490071,619
266,11330,1,2020-08-21,3,2020-09-11,0,3,0,1.87,2020,771983999443594,1,0,7,0,0,0,1,0,0,0,1,0,1,0,0,0,0,0,0,0,0,0,0,0,0,0,4,3,10,152,29688454,455731847244408,269
267,11380,0,2020-08-28,0,2020-09-11,1,1,0,0,2020,161643204896369,2,0,1,0,0,0,0,0,0,0,0,0,1,0,0,0,0,0,0,0,0,0,0,0,0,0,3,2,5,37,4494112,611781708238851,639
268,10723,1,2020-03-10,2,2020-09-14,0,2,0,3.87,2020,162132061842259,3,0,3,1,0,0,1,0,0,0,0,0,0,0,0,0,0,0,0,0,0,0,0,0,0,0,2,5,9,311,42840379,631044529189769,23
269,11269,1,2020-08-10,4,2020-09-14,0,3,1,0.2,2020,11338971484212,3,0,2,1,0,0,0,0,0,0,0,0,0,0,0,0,0,0,0,0,1,0,0,0,0,0,1,1,17,186,32338079,601773542966742,669
270,11234,0,2020-07-31,1,2020-09-15,1,1,0,0,2020,579478927956322,1,0,1,0,0,0,0,0,0,0,0,0,0,0,0,0,0,0,0,0,1,0,0,0,0,0,2,3,10,104,27342023,341156072289157,262
271,10625,0,2020-02-28,1,2020-09-16,0,1,0,0,2020,981234121574628,0,0,6,1,0,0,1,0,0,1,1,0,0,0,0,0,0,0,0,0,0,0,0,0,0,0,0,1,17,219,46834997,326436387618647,177
272,10457,2,2020-01-28,5,2020-09-17,1,1,0,0,2020,540642639310057,0,0,1,0,0,0,0,0,0,0,0,0,0,0,0,0,0,0,0,1,0,0,0,0,0,0,2,0,20,111,30225292,330602794941643,188
273,11379,0,2020-08-27,4,2020-09-17,0,1,0,0,2020,347687361563222,1,2,1,0,0,0,0,0,0,0,0,0,1,0,0,0,0,0,0,0,0,0,0,0,0,0,2,3,20,64,9942773,600691847389558,509
274,11370,1,2020-08-27,4,2020-09-18,1,4,1,0.13,2020,317299624426207,3,0,1,0,0,0,0,0,0,0,0,0,1,0,0,0,0,0,0,0,0,0,0,0,0,0,1,1,17,73,8294635,634979481819682,669
275,11303,2,2020-08-18,4,2020-09-21,1,9,5,01.07,2020,19157713172903,0,0,1,0,0,0,0,0,0,0,0,0,0,1,0,0,0,0,0,0,0,0,0,0,0,0,1,0,19,87,633723,5381027696793,258
276,11328,0,2020-08-21,1,2020-09-22,1,1,0,0,2020,338133637501739,0,0,6,1,1,0,1,0,0,1,0,0,0,0,0,0,0,0,0,0,0,0,0,0,0,0,4,5,2,64,16066642,315638092567984,250
277,10640,2,2020-03-03,5,2020-09-23,1,9,5,0.73,2020,802229239115315,1,0,1,0,0,0,1,0,0,0,0,0,0,0,0,0,0,0,0,0,0,0,0,0,0,0,1,5,9,156,21896159,618882398503111,286
278,11134,2,2020-07-09,5,2020-09-23,1,11,6,06.07,2020,462902135950758,3,3,3,0,0,0,0,0,0,0,0,0,0,0,0,0,0,0,0,0,1,0,0,0,0,0,1,5,1,839,129857459,608287643950886,523
279,11336,1,2020-08-24,3,2020-09-23,1,8,2,0.07,2020,441345817220754,1,0,1,0,0,0,1,0,0,0,0,0,0,0,0,0,0,0,0,0,0,0,0,0,0,0,0,5,2,91,13564331,570850195128047,265
280,11446,0,2020-09-10,2,2020-09-23,1,1,0,0,2020,380374862430936,1,0,6,1,0,0,1,0,0,1,0,0,0,0,0,0,0,0,0,0,0,1,0,0,0,0,0,0,19,64,18313396,303119917899841,304
281,11216,0,2020-07-24,4,2020-09-28,0,2,0,25.17,2020,493107389883016,0,0,4,0,0,0,0,0,0,0,0,0,1,0,0,0,0,0,0,0,0,0,0,0,0,0,2,0,20,753,147547942,582187718837721,783
282,11318,0,2020-08-19,2,2020-09-28,0,2,0,30.2,2020,154713893567728,1,0,1,0,0,0,0,0,0,0,0,0,1,0,0,0,0,0,0,0,0,0,0,0,0,0,3,2,16,225,48893334,558724422382672,545
283,11347,0,2020-08-24,3,2020-09-28,0,1,0,0,2020,374217717100014,1,0,1,0,0,0,0,0,0,0,0,0,1,0,0,0,0,0,0,0,0,0,0,0,0,0,0,5,1,64,11011268,589131791044776,360
284,10644,0,2020-03-03,3,2020-09-30,0,1,0,0,2020,869552029496175,0,0,1,0,0,0,0,0,0,0,0,0,0,0,0,0,0,0,0,1,0,0,0,0,0,0,0,1,17,439,37039403,405217801302385,184
285,10709,0,2020-03-06,5,2020-09-30,1,1,0,0,2020,591494394213382,1,0,1,0,0,0,1,0,0,0,0,0,0,0,0,0,0,0,0,0,0,0,0,0,0,0,2,5,9,147,22171106,476608963539146,287
286,11209,2,2020-07-22,2,2020-09-30,0,10,4,0.9,2020,203550702462095,1,0,1,0,0,0,0,0,0,0,0,0,1,0,0,0,0,0,0,0,0,0,0,0,0,0,1,2,14,94,10048922,310655324987138,334
287,11392,2,2020-09-02,5,2020-09-30,1,8,5,1,2020,869281235220476,0,0,3,0,0,0,1,0,0,0,0,0,0,0,0,0,0,1,0,1,0,0,0,0,0,0,1,3,15,1632,25060107,597457099486784,164
288,11448,2,2020-09-10,5,2020-09-30,1,6,3,1.43,2020,481735544960356,0,0,1,0,0,0,0,0,0,0,0,0,0,0,0,0,0,0,0,1,0,0,0,0,0,0,1,1,3,2,2314259,329200289855072,561
289,10825,2,2020-04-13,5,2020-10-01,1,15,7,3,2020,201408623252576,3,0,1,0,0,0,0,0,0,0,0,0,0,0,0,0,0,0,0,0,1,0,0,0,0,0,0,4,4,82,11297978,334071950241344,819
290,10830,0,2020-04-14,1,2020-10-02,0,1,0,0,2020,454795823336649,1,0,6,0,0,0,0,0,0,0,0,0,1,0,0,0,0,0,0,0,0,0,0,0,0,0,4,0,20,106,22091327,312050008001726,631
291,11324,1,2020-08-21,3,2020-10-05,1,2,0,7.63,2020,403630114819092,1,0,1,0,0,0,0,0,0,0,1,0,0,0,0,0,0,0,0,0,0,0,0,0,0,0,2,5,12,58,14425592,505210358429086,830
292,11594,2,2020-10-05,5,2020-10-06,1,24,11,1.83,2020,247174629825749,0,0,1,0,0,0,0,0,0,0,0,0,0,0,0,0,0,0,0,0,1,0,0,0,0,0,0,1,3,80,5579895,732004946186733,144
293,10517,0,2020-02-11,1,2020-10-07,0,1,0,0,2020,110027589137827,1,0,2,0,0,0,1,0,0,0,1,0,0,0,0,0,0,0,0,0,0,0,0,0,0,0,3,0,20,221,32584078,590008971363358,786
294,11445,2,2020-09-10,2,2020-10-07,0,3,1,02.07,2020,19797326846284,0,0,1,0,0,0,0,0,0,0,0,0,0,0,0,0,0,0,0,0,1,0,0,0,0,0,2,5,1,31,5173063,638247342657343,380
295,10528,0,2020-02-12,3,2020-10-09,1,1,0,0,2020,755025744191007,1,0,1,0,0,0,0,0,0,0,0,0,0,0,0,0,0,0,0,0,1,0,0,0,0,0,2,2,13,222,38173083,300051653006216,409
296,11239,0,2020-08-03,5,2020-10-09,1,2,0,1.93,2020,127782746046685,0,0,2,0,0,0,0,0,0,0,0,0,1,0,0,0,0,0,0,1,0,0,0,0,0,0,0,3,15,243,45199639,510296435536295,570
297,11376,0,2020-08-27,0,2020-10-09,0,1,0,0,2020,675601107817683,0,0,2,0,0,0,0,0,0,0,0,0,0,0,0,0,0,0,0,0,1,0,0,0,0,0,3,5,0,129,19731479,595666430505474,607
298,11434,0,2020-09-08,4,2020-10-09,0,1,0,0,2020,771645807742382,1,0,1,0,0,0,0,0,0,0,1,0,0,0,0,0,0,0,0,0,0,0,0,0,0,0,3,2,14,158,25461585,543187530836511,7
299,10613,0,2020-02-27,4,2020-10-13,0,2,0,23.3,2020,340390773006112,0,0,1,0,0,0,0,0,0,0,0,0,0,0,0,0,0,1,0,0,0,0,0,0,0,0,0,4,10,399,1257985,561264953091759,390
300,11219,0,2020-07-24,1,2020-10-13,0,1,0,0,2020,35164482348192,1,0,1,0,0,0,0,0,0,0,0,0,1,0,0,0,0,0,0,0,0,0,0,0,0,0,3,2,16,55,9543974,624252992125984,143
301,11307,2,2020-08-18,4,2020-10-13,1,5,2,11.57,2020,224969623274812,0,0,3,1,0,0,0,0,0,0,0,0,0,0,0,0,0,0,0,1,0,0,0,0,0,0,0,0,20,4199,72616197,553131095384615,41
302,11609,1,2020-10-06,1,2020-10-13,1,5,4,12.17,2020,271856753804624,0,0,1,0,0,0,0,0,0,0,0,0,0,0,0,0,0,0,1,0,0,0,0,0,0,0,4,2,13,3,786781,599332374247266,476
303,10376,2,2020-01-10,4,2020-10-14,0,2,1,13.7,2020,221508551785884,0,0,1,0,0,0,0,0,0,0,0,0,0,0,0,0,0,0,0,0,1,0,0,0,0,0,2,0,3,120,8182284,48860725,328
304,10891,2,2020-05-14,2,2020-10-14,0,11,4,0.47,2020,199440762616492,2,0,3,0,0,0,0,0,0,0,0,0,1,0,0,0,0,0,0,0,0,0,0,0,0,0,1,2,14,854,95067086,340086866583368,334
305,11221,0,2020-07-27,4,2020-10-15,1,1,0,0,2020,36801569292329,2,0,3,0,0,0,0,0,0,1,0,0,0,0,0,0,0,0,0,1,1,0,0,0,0,0,2,2,5,799,163826954,367601551383339,820
306,11447,0,2020-09-10,1,2020-10-15,1,1,0,0,2020,48079469559333,1,0,2,0,0,0,0,0,0,0,0,0,1,0,0,0,0,0,0,0,0,1,0,0,0,0,2,5,0,130,17997942,48175729704375,107
307,10264,2,2019-11-27,2,2020-10-16,0,8,7,1.87,2020,844501043467228,0,0,1,0,0,0,1,0,0,0,0,0,0,0,0,0,0,0,0,0,0,0,0,0,0,0,1,3,6,139,238638,608790163934426,56
308,11275,2,2020-08-11,5,2020-10-16,1,16,5,7.5,2020,629188120159173,3,0,1,0,0,0,0,0,0,0,0,0,0,0,0,0,0,0,0,0,1,0,0,0,0,0,0,5,9,123,23465652,483675625721987,266
309,11471,0,2020-09-16,0,2020-10-16,0,1,0,0,2020,137058416573329,1,0,2,0,0,0,0,0,0,0,0,0,0,0,0,0,0,0,0,1,1,0,0,0,0,0,3,5,18,342,47900388,516157696969697,634
310,11076,1,2020-06-29,1,2020-10-20,0,3,1,14.43,2020,415328538308368,0,0,1,0,0,0,0,0,0,0,0,0,1,0,0,0,0,0,0,0,0,0,0,0,0,0,2,3,15,64,11510801,616306633333333,359
311,11572,0,2020-09-28,0,2020-10-20,0,1,0,0,2020,19243556015875,1,0,1,0,0,0,0,0,0,0,0,0,1,0,0,0,0,0,0,0,0,0,0,0,0,0,0,5,1,36,4681735,663184532374101,546
312,11634,2,2020-10-14,5,2020-10-20,1,8,7,4.57,2020,675838823399511,2,0,1,0,0,0,0,0,0,0,0,0,0,0,0,0,0,0,1,0,0,0,0,0,0,0,1,2,5,2446,346738926,289719357035108,252
313,11610,1,2020-10-07,1,2020-10-22,1,4,2,2.6,2020,193819975838157,1,0,1,0,0,0,0,0,0,0,0,0,0,0,0,0,0,0,0,1,0,0,0,0,0,0,0,1,3,1,931725,334482142857143,282
314,11553,0,2020-09-25,2,2020-10-23,1,1,0,0,2020,886034226137893,1,0,1,0,0,0,0,0,0,0,1,0,0,0,0,0,0,0,0,0,0,0,0,0,0,0,2,1,3,10,2525617,60537234375,708
315,10751,0,2020-03-17,2,2020-10-26,1,1,0,0,2020,60084196071271,0,0,4,0,0,0,0,0,0,0,0,0,0,0,0,0,0,0,0,1,0,0,0,0,0,0,2,5,0,150,27155199,374304170506912,766
316,11086,2,2020-07-01,4,2020-10-26,0,7,6,4.67,2020,331198248383686,3,0,1,0,0,0,0,0,0,0,0,0,0,0,0,0,0,0,1,0,0,0,0,0,0,0,1,2,14,16956,2098455157,12283321662537,337
317,11693,2,2020-10-27,4,2020-10-26,1,2,1,3.17,2020,692214131584996,2,0,1,0,0,0,0,0,0,0,0,0,0,0,0,0,0,0,0,0,1,0,0,0,0,0,2,2,5,15,2500985,49980289996058,563
318,10482,0,2020-02-04,0,2020-10-27,0,1,0,0,2020,562263457325785,1,0,3,0,0,0,0,0,0,0,0,0,1,0,0,0,0,0,0,0,0,0,0,0,0,0,2,5,9,100,1490563,632987388398903,762
319,11274,2,2020-08-11,5,2020-10-27,0,9,6,0.9,2020,530706028557296,3,0,1,0,0,0,0,1,0,0,0,0,0,0,0,0,0,0,0,0,0,0,0,0,0,0,1,3,15,36,272239,289821802634222,164
320,10075,0,2019-10-17,5,2020-10-28,0,1,0,0,2020,36801569292329,1,0,1,0,0,0,0,0,0,0,1,0,0,0,0,0,0,0,0,0,0,0,0,0,0,0,0,2,16,800,109477299,588160259569266,185
321,10540,0,2020-02-14,0,2020-10-28,0,1,0,0,2020,505316388473039,0,0,1,0,0,0,0,0,0,0,0,0,0,0,0,0,0,0,0,0,1,0,0,0,0,0,0,5,12,54,15454506,576588876712329,176
322,11359,1,2020-08-25,3,2020-10-28,0,2,0,4.93,2020,298923714445433,2,0,5,0,0,0,0,0,0,0,0,0,1,0,0,0,0,0,0,0,0,0,0,0,0,0,2,2,5,432,104148112,497979532232805,640
323,10735,2,2020-03-11,5,2020-10-29,0,10,6,0.07,2020,364691680213015,0,0,2,0,0,0,0,0,0,0,0,0,1,0,0,0,0,0,0,0,1,0,0,0,0,0,1,3,15,610,104687972,602587569849368,164
324,10502,0,2020-02-07,1,2020-10-30,1,1,0,0,2020,144831982376262,0,0,2,1,0,0,0,0,0,0,0,0,0,0,0,0,0,1,0,0,0,0,0,0,0,0,2,5,12,250,38491855,632061798021316,612
325,11597,2,2020-10-05,4,2020-10-30,0,13,9,0.57,2020,866617599464521,1,0,1,0,0,0,0,0,0,0,0,0,0,0,0,0,0,0,1,0,0,0,0,0,0,0,1,3,15,154,22967912,633085794161109,125
326,10940,1,2020-05-21,1,2020-11-03,0,3,2,9.23,2020,434122412567529,0,0,1,0,0,0,0,0,0,0,0,0,1,0,0,0,0,0,0,0,0,0,0,0,0,0,2,4,19,60,12842012,651921396433024,221
327,11346,0,2020-08-24,1,2020-11-03,0,1,0,0,2020,566725017589018,1,0,1,0,0,0,0,0,0,0,0,0,1,0,0,0,0,0,0,0,0,0,0,0,0,0,3,3,8,372,15937567,614102493946731,45
328,11583,0,2020-09-30,2,2020-11-04,1,1,0,0,2020,682471402637738,1,0,1,0,0,0,0,0,0,0,0,0,1,0,0,0,0,0,0,0,0,0,0,0,0,0,0,5,12,12,2245836,548439529506384,522
329,11206,1,2020-07-22,4,2020-11-05,0,2,1,18.5,2020,576570667745675,1,0,1,0,0,0,0,0,0,0,0,0,0,0,0,0,0,0,0,1,0,0,0,0,0,0,2,2,13,14,2197408,477025525078836,475
330,11688,0,2020-10-23,1,2020-11-05,1,2,1,8.27,2020,359121158767306,0,0,6,1,1,0,1,0,0,1,0,0,0,0,0,0,0,0,0,0,0,0,0,0,0,0,4,2,13,64,17977014,293131887284488,173
331,11444,0,2020-09-10,3,2020-11-06,0,1,0,0,2020,240137721251914,1,0,2,0,0,0,0,0,0,0,0,0,1,0,0,0,0,0,0,0,0,0,0,0,0,0,2,5,9,292,47332598,729528011428571,453
332,11630,0,2020-10-13,5,2020-11-09,0,1,0,0,2020,694238150959078,1,0,1,0,0,0,0,0,0,0,0,0,1,0,0,0,0,0,0,0,0,0,0,0,0,0,2,2,5,126,22121793,56274560458566,562
333,11715,2,2020-10-29,5,2020-11-09,1,3,2,10.2,2020,515030574025065,0,0,1,0,0,0,0,0,0,0,0,0,0,0,0,0,0,0,0,0,0,1,0,0,0,0,1,0,11,80,0,1,655
334,11176,2,2020-07-17,3,2020-11-10,0,7,2,3.97,2020,582454041906345,1,0,4,0,0,0,0,0,0,0,0,0,1,0,0,0,0,0,0,0,0,0,0,0,0,0,1,1,17,150,19255988,546344198925837,593
335,11246,0,2020-08-04,3,2020-11-12,1,1,0,0,2020,536536283396032,1,0,1,0,0,0,1,0,0,0,0,0,0,0,0,0,0,0,0,0,0,0,0,0,0,0,3,5,0,103,15692629,598653989769821,85
336,10307,0,2019-12-11,3,2020-11-16,0,1,0,0,2020,52832699962818,2,0,3,1,0,0,0,0,0,0,1,0,0,0,0,0,0,0,0,0,0,1,0,0,0,0,2,2,16,1214,197091869,488096335880837,444
337,10487,2,2020-02-05,1,2020-11-16,0,3,2,9.43,2020,109571372030905,1,0,1,0,0,0,0,0,0,0,0,0,0,0,0,0,0,0,0,1,0,0,0,0,0,0,2,1,3,191,497797,376584846587351,477
338,10516,0,2020-02-11,1,2020-11-16,0,2,1,17.37,2020,505970177817633,1,0,1,0,0,0,0,0,0,0,1,0,0,0,0,0,0,0,0,0,0,0,0,0,0,0,2,2,13,87,18820423,489581042782561,571
339,10702,0,2020-03-04,1,2020-11-16,0,1,0,0,2020,705318791952549,0,0,2,0,0,0,0,0,0,0,0,0,0,0,0,0,0,0,0,0,1,0,0,0,0,0,0,1,19,129,18822007,633813093385214,372
340,10703,2,2020-03-04,5,2020-11-16,0,3,2,2.57,2020,353002449640209,0,0,2,0,0,0,0,0,0,0,0,0,1,0,0,0,0,0,0,0,1,0,0,0,0,0,1,1,7,80,14453324,438160388726919,847
341,11133,0,2020-07-09,4,2020-11-16,0,2,0,18.73,2020,769545340215656,3,0,1,0,0,0,0,0,0,0,0,0,0,0,0,0,0,0,0,1,0,0,0,0,0,0,0,5,0,218,33672043,399576658575976,661
342,11136,0,2020-07-10,4,2020-11-16,0,2,0,32.6,2020,404803582311192,0,0,1,0,0,0,0,0,0,0,0,0,1,0,0,0,0,0,0,0,0,0,0,0,0,0,3,5,18,252,12254311,584599627118644,790
343,11201,0,2020-07-21,4,2020-11-16,0,1,0,0,2020,103547385227795,3,3,1,0,0,0,1,0,0,0,0,0,0,0,0,0,0,0,0,0,0,0,0,0,0,0,0,5,0,183,368115,512172011661808,856
344,11701,2,2020-10-28,5,2020-11-17,1,29,21,8.8,2020,519186942534612,0,0,1,0,0,0,0,0,0,0,0,0,0,0,0,0,0,0,0,0,1,0,0,0,0,0,1,4,1,69,26602265,397091622712118,514
345,10067,0,2019-10-16,4,2020-11-18,1,1,0,0,2020,823329322946512,3,0,1,0,0,0,0,0,0,0,0,0,0,0,0,0,0,0,0,0,1,0,0,0,0,0,0,3,4,224,34638908,422684866666667,590
346,11767,2,2020-11-17,1,2020-11-18,1,5,3,0.9,2020,192110169470812,1,0,1,0,0,0,0,0,0,0,0,0,0,0,0,0,0,0,0,1,0,0,0,0,0,0,0,1,3,1,932838,333687142857143,282
347,10184,2,2019-11-08,4,2020-11-19,0,8,1,1.13,2020,341235701318869,0,0,1,0,0,0,0,0,0,0,0,0,1,0,0,0,0,0,0,0,0,0,0,0,0,0,1,3,4,220,8880467,642888629737609,841
348,10261,2,2019-11-27,1,2020-11-19,0,4,2,13.87,2020,256817001100151,0,0,4,1,0,0,1,0,0,1,0,0,0,0,0,0,0,0,0,0,0,0,0,0,0,0,2,1,17,530,6769761,638280516149715,785
349,10915,0,2020-05-19,3,2020-11-19,0,1,0,0,2020,518697481104689,0,0,1,0,0,0,0,0,0,0,0,0,0,1,0,0,0,0,0,0,0,0,0,0,0,0,3,1,3,38,6677395,635115027322404,117
350,11703,2,2020-10-28,4,2020-11-23,1,4,2,2.67,2020,20583233250164,0,0,1,0,0,0,1,0,0,0,0,0,0,0,0,0,0,0,0,0,0,0,0,0,0,0,0,1,19,444,61751485,588323433333333,61
351,11675,0,2020-10-23,0,2020-11-24,0,1,0,0,2020,319726085387459,1,0,1,0,0,0,0,0,0,0,1,0,0,0,0,0,0,0,0,0,0,0,0,0,0,0,3,2,14,72,14686599,369673592134589,747
352,11691,1,2020-10-26,4,2020-11-24,0,3,2,15.07,2020,105111710876676,3,0,1,0,0,1,0,0,0,0,0,0,0,0,0,0,0,0,0,0,0,0,0,0,0,0,2,3,6,168,30349236,603795874673629,814
353,10634,2,2020-03-02,4,2020-11-25,1,3,2,3.77,2020,745360036316463,0,0,7,1,0,0,1,0,0,1,0,0,0,0,0,0,0,0,0,1,0,0,0,0,0,0,4,5,1,167.5,32453543,402526915571266,189
354,11484,1,2020-09-17,4,2020-11-25,0,3,0,27.47,2020,461064418496697,0,0,1,0,0,0,0,0,0,0,0,0,1,0,0,0,0,0,0,0,0,0,0,0,0,0,0,3,20,126,18545057,448063779761905,781
355,10907,2,2020-05-18,3,2020-11-26,0,7,4,3.27,2020,15094372979867,1,0,1,0,0,0,0,0,0,0,0,0,0,1,0,0,0,0,0,0,0,0,0,0,0,0,1,3,10,3,372529,661337272727273,340
356,10933,0,2020-05-21,3,2020-11-26,0,1,0,0,2020,149811632115877,1,0,2,0,0,0,0,0,0,0,1,0,1,0,0,0,0,0,0,0,0,0,0,0,0,0,3,3,4,168,61715802,434707561254866,558
357,10939,0,2020-05-21,1,2020-11-26,1,1,0,0,2020,77072201504779,0,0,1,0,0,0,0,0,0,0,1,0,0,0,0,0,0,0,0,0,0,0,0,0,0,0,3,5,0,170,23367462,583959014532749,802
358,11097,0,2020-07-06,1,2020-11-26,0,1,0,0,2020,492625379112169,0,0,1,0,0,0,0,0,0,0,0,0,0,0,0,0,0,0,0,0,1,0,0,0,0,0,3,5,12,116,12793254,643641949860724,248
359,11335,1,2020-08-24,0,2020-11-26,0,2,0,12.87,2020,151492595657493,0,0,2,0,0,0,0,0,0,0,0,0,1,0,0,0,0,0,0,0,1,0,0,0,0,0,2,5,0,321,40353888,634475652173913,216
360,11202,0,2020-07-21,2,2020-11-27,0,1,0,0,2020,131595471382543,0,0,1,0,0,0,0,0,0,0,0,0,0,0,0,0,0,0,0,0,1,0,0,0,0,0,2,1,20,279,34051009,64493212721585,448
361,10436,0,2020-01-22,5,2020-11-30,0,1,0,0,2020,70294554471687,0,0,1,0,0,0,0,0,0,0,0,0,0,0,0,0,0,0,0,1,0,0,0,0,0,0,2,1,3,95,187518,635887378640777,6
362,11100,0,2020-07-07,4,2020-11-30,0,1,0,0,2020,470669932853612,3,0,1,0,0,0,0,0,0,0,0,0,1,0,0,0,0,0,0,0,0,0,0,0,0,0,0,5,9,45,1760411,486760641399417,170
363,11355,0,2020-08-25,1,2020-11-30,1,1,0,0,2020,476796878704534,0,0,6,1,0,0,1,0,0,1,1,0,0,0,0,0,0,0,0,0,0,0,0,0,0,0,4,0,19,85,20501943,409956616926694,414
364,11398,2,2020-09-03,4,2020-11-30,0,5,2,2.43,2020,667174629819995,1,0,1,0,0,0,0,0,0,0,0,0,1,0,0,0,0,0,0,0,0,0,0,0,0,0,1,1,17,124,16072422,669429466117513,669
365,11311,0,2020-08-19,2,2020-12-01,0,1,0,0,2020,611681219489299,0,0,2,0,0,0,0,0,0,0,0,0,1,0,0,0,0,0,0,0,0,0,0,0,0,0,2,3,8,770,163414501,629599993290779,343
366,11584,0,2020-09-30,4,2020-12-01,0,1,0,0,2020,382549796874073,2,0,3,0,0,0,0,0,0,0,1,0,0,0,0,0,0,0,0,1,0,0,0,0,0,0,2,5,0,656,106307124,623753194388529,86
367,11741,0,2020-11-05,2,2020-12-02,1,1,0,0,2020,290250225245882,0,0,1,0,0,0,0,0,0,0,0,0,0,0,0,0,0,0,1,0,0,0,0,0,0,0,2,1,7,60,810605,621875218658892,11
368,11386,0,2020-09-01,4,2020-12-03,1,1,0,0,2020,165180302558577,0,0,3,1,0,0,0,0,0,0,0,0,0,0,0,0,0,1,0,0,0,1,0,0,0,0,2,0,19,275,37779293,690333663934426,149
369,11439,2,2020-09-09,2,2020-12-03,1,2,1,1.37,2020,279994152266756,1,0,2,0,0,0,1,0,0,1,0,0,0,0,0,0,0,0,0,0,0,0,0,0,0,0,2,1,3,33,9330404,548819922630561,708
370,10493,1,2020-02-06,2,2020-12-04,1,5,0,2.87,2020,254781647720835,1,0,1,0,0,0,0,0,0,0,0,0,1,0,0,0,0,0,0,0,0,0,0,0,0,0,0,5,12,32,7483569,602315154376395,437
371,11464,1,2020-09-15,1,2020-12-04,0,2,0,10.33,2020,555114120890949,0,0,1,0,0,0,1,0,0,0,0,0,0,0,0,0,0,0,0,0,0,0,0,0,0,0,2,3,15,6,1592668,611544390243902,553
372,11569,0,2020-09-28,4,2020-12-04,0,2,0,5.4,2020,11779251129774,1,0,2,0,0,0,0,0,0,1,0,0,1,0,0,0,0,0,0,0,0,0,0,0,0,0,2,3,8,250,30375057,650861413793103,798
373,11573,0,2020-09-28,2,2020-12-04,0,1,0,0,2020,168292885602067,3,0,1,0,0,0,0,0,0,0,0,0,0,0,0,0,0,1,0,0,0,0,0,0,0,0,0,4,0,332,66937078,538221668793764,653
374,11623,1,2020-10-13,2,2020-12-04,0,2,0,13.83,2020,658013340494894,3,0,1,0,0,0,0,0,0,0,0,0,1,0,0,0,0,0,0,0,0,0,0,0,0,0,0,3,15,66,27830395,427358127572016,464
375,10203,2,2019-11-12,3,2020-12-07,0,14,4,0.7,2020,170318832174284,0,0,1,0,0,0,0,0,0,0,0,0,0,0,0,0,0,0,0,0,1,0,0,0,0,0,0,5,0,348,45314891,639772638474028,765
376,10719,2,2020-03-10,3,2020-12-07,0,15,4,0,2020,148608115325892,0,0,1,0,0,0,0,0,0,0,0,0,0,1,0,0,0,0,0,0,0,0,0,0,0,0,0,5,0,202,3882574,64626694606414,765
377,11185,2,2020-07-20,1,2020-12-07,1,6,3,2.97,2020,437321616559214,0,0,1,0,0,0,0,0,0,0,0,0,0,1,0,0,0,0,0,0,0,0,0,0,0,0,1,5,1,82,11362494,64822,515
378,11541,0,2020-09-24,2,2020-12-07,0,1,0,0,2020,120500388003162,1,0,1,0,0,0,0,1,0,0,0,0,0,0,0,0,0,0,0,0,0,0,0,0,0,0,3,3,10,5,5285523,406121011235955,440
379,11637,0,2020-10-14,1,2020-12-07,0,1,0,0,2020,823193640731469,0,0,1,0,0,0,0,0,0,0,0,0,0,0,0,0,0,0,0,0,1,0,0,0,0,0,3,5,18,174,24888286,590653190789474,665
380,11721,1,2020-11-02,3,2020-12-07,0,2,0,18.97,2020,209860224079999,0,1,1,0,0,0,0,0,0,0,0,0,1,0,0,0,0,0,0,0,0,0,0,0,0,0,2,1,17,37,5838398,623329161290323,193
381,10969,2,2020-05-28,4,2020-12-08,0,6,4,4.57,2020,255420198216376,0,0,1,0,0,0,0,0,0,0,0,0,0,0,0,0,0,0,0,1,0,0,0,0,0,0,1,3,8,90,9426468,500319745560562,601
382,11580,2,2020-09-30,4,2020-12-08,1,7,4,3.2,2020,185760144157365,0,0,1,0,0,0,1,0,0,0,0,0,0,0,0,0,0,0,0,0,0,0,0,0,0,0,1,3,4,25,5405076,606044023323615,574
383,11810,2,2020-11-30,5,2020-12-08,1,18,13,0.37,2020,206658160375068,0,0,1,0,0,0,0,0,0,0,0,0,0,0,0,0,0,0,0,0,1,0,0,0,0,0,1,1,3,49,4843232,682691912077833,122
384,11821,0,2020-11-30,6,2020-12-08,1,1,0,0,2020,237076383980837,1,0,5,1,0,0,0,0,0,1,0,0,1,0,0,0,0,0,0,0,0,1,0,0,0,0,2,2,14,615,89118345,49104750673181,155
385,11852,2,2020-12-07,5,2020-12-09,1,11,6,1.37,2020,121854324033871,0,0,1,0,0,0,1,0,0,0,0,0,0,0,0,0,0,0,0,0,0,0,0,0,0,0,1,3,15,23,3476476,613724888888889,164
386,10463,0,2020-01-29,3,2020-12-10,0,6,2,8.43,2020,272134544204383,0,0,1,0,0,0,1,0,0,0,0,0,0,0,0,0,0,0,0,0,0,0,0,0,0,0,0,1,17,392,69712776,649587695091608,489
387,11730,2,2020-11-04,5,2020-12-10,0,11,6,2.43,2020,270513209929162,3,0,1,0,0,0,0,0,0,0,0,0,0,0,0,0,0,0,0,0,1,0,0,0,0,0,1,5,9,46,7219467,63866079405398,286
388,11754,2,2020-11-10,0,2020-12-10,1,2,1,3.6,2020,650160504550776,0,0,1,0,0,0,0,0,0,0,0,0,0,0,0,0,0,0,0,1,0,0,0,0,0,0,4,5,18,3,2370058,506443565181175,486
389,11764,0,2020-11-13,1,2020-12-10,1,1,0,0,2020,348300270295059,1,0,1,0,0,0,0,0,0,0,1,0,0,0,0,0,0,0,0,0,0,0,0,0,0,0,2,3,10,57,10956723,574082682215743,158
390,11463,2,2020-09-14,5,2020-12-11,1,10,6,3.13,2020,135953205505171,0,0,1,0,0,0,0,0,0,0,0,0,0,0,0,0,0,0,1,0,0,0,0,0,0,0,1,4,3,225,52235742,553921929974381,504
391,11729,2,2020-11-03,4,2020-12-11,1,6,3,3.57,2020,249615193711459,0,0,1,0,0,0,0,0,0,0,0,0,0,0,0,0,0,1,0,0,0,0,0,0,0,0,1,0,11,712.5,75719708,589288993152078,449
392,11837,2,2020-12-03,4,2020-12-11,1,10,2,4.1,2020,40482714021219,0,0,1,0,0,0,1,0,0,0,0,0,0,0,0,0,0,0,0,0,0,0,0,0,0,0,0,0,20,68,11742753,607265785953177,187
393,10310,0,2019-12-12,3,2020-12-14,0,1,0,0,2020,880058988851273,0,0,1,0,0,0,0,0,0,0,0,0,0,0,0,0,0,0,0,0,1,0,0,0,0,0,3,5,0,168,2551188,607509538461538,678
394,11395,2,2020-09-02,4,2020-12-14,0,8,6,1.63,2020,115519589647861,3,0,2,0,0,0,0,0,0,0,0,0,1,0,0,0,0,0,0,0,0,0,0,0,0,0,1,2,14,4946,712664413,164728115211627,337
395,11412,0,2020-09-04,4,2020-12-15,0,1,0,0,2020,173033137341694,1,0,2,0,0,0,1,0,0,0,0,0,0,0,0,0,0,0,0,1,0,0,0,0,0,0,0,1,17,250,58086772,545486917057903,140
396,11443,0,2020-09-10,3,2020-12-16,0,1,0,0,2020,316821240166061,1,0,1,0,0,0,0,0,0,0,0,0,1,0,0,0,0,0,0,0,0,0,0,0,0,0,3,3,10,12,13974791,402786709401709,756
397,11574,1,2020-09-28,2,2020-12-16,0,5,3,2.63,2020,111920486854812,0,0,1,0,0,0,0,0,0,0,0,0,0,0,0,0,0,0,0,0,1,0,0,0,0,0,2,5,0,221,29354008,644895442943034,741
398,11740,0,2020-11-05,4,2020-12-16,0,2,0,35.03,2020,110062885413239,3,0,1,0,0,0,0,0,0,0,0,0,1,0,0,0,0,0,0,0,0,0,0,0,0,0,2,0,19,120,45786976,436752211191891,256
399,11759,2,2020-11-11,5,2020-12-16,0,12,6,0.2,2020,342495265790141,3,0,1,0,0,0,0,0,0,0,0,0,0,0,0,0,0,0,0,0,1,0,0,0,0,0,1,5,9,58,9315085,631760241142462,286
400,11788,2,2020-11-23,5,2020-12-16,1,2,0,13.3,2020,131104285242214,0,0,1,0,0,0,0,0,0,0,0,0,0,0,0,0,0,0,0,0,1,0,0,0,0,0,0,1,3,403,52640634,533838093930847,145
401,11035,1,2020-06-19,4,2020-12-17,0,3,2,15.8,2020,187966045869233,2,0,2,0,0,0,0,0,1,0,0,0,0,0,0,0,0,0,0,0,0,0,0,0,0,0,2,2,13,196,7543099,456663563334096,723
402,11627,2,2020-10-13,5,2020-12-17,1,4,3,12.8,2020,119583092801303,0,0,1,0,0,0,0,0,0,0,0,0,0,0,0,0,1,0,0,0,0,0,0,0,0,0,2,2,5,247,409801,602134951456311,727
403,11750,2,2020-11-10,5,2020-12-17,1,11,7,0.2,2020,43630413858961,1,0,1,0,0,0,0,0,0,0,0,0,1,0,0,0,0,0,0,0,0,0,0,0,0,0,1,4,3,855,144651273,615084425226184,504
404,11139,0,2020-07-13,3,2020-12-18,1,2,0,29.27,2020,609271608559343,1,0,1,0,0,0,0,0,0,0,1,0,0,0,0,0,0,0,0,0,0,0,0,0,0,0,0,1,7,96,19764719,560784022222222,769
405,11477,2,2020-09-17,5,2020-12-18,0,26,13,2.1,2020,25660441913538,1,0,1,0,0,0,0,0,0,0,0,0,0,0,0,0,0,0,0,0,1,0,0,0,0,0,0,1,3,333,84257878,555425228327819,144
406,11552,0,2020-09-25,4,2020-12-18,0,1,0,0,2020,182857641904906,3,0,1,0,0,0,1,0,0,0,0,0,0,0,0,0,0,0,0,0,0,0,0,0,0,0,2,5,18,62,60768656,550049286871211,604
407,11769,2,2020-11-17,5,2020-12-18,0,27,13,0,2020,169880438234072,1,0,1,0,0,0,0,0,0,0,0,0,0,0,0,0,0,0,0,0,1,0,0,0,0,0,0,1,3,258,604082,521101950214048,144
408,11775,0,2020-11-19,0,2020-12-18,0,1,0,0,2020,51449602835967,1,0,1,0,0,0,0,0,0,0,0,0,0,0,0,0,0,0,0,0,1,0,0,0,0,0,0,1,1,111,13622166,641521947368421,524
409,11497,1,2020-09-21,4,2020-12-21,1,2,0,16.2,2020,203090536960448,0,0,1,0,0,0,0,0,0,0,0,0,0,0,0,0,0,0,0,0,1,0,0,0,0,0,2,0,20,138,91901517,38732322,691
410,11733,0,2020-11-04,4,2020-12-22,1,1,0,0,2020,2960552297508,1,0,4,0,0,0,0,0,0,1,0,0,0,1,0,0,0,0,0,1,0,1,0,0,0,0,2,0,19,586,122969964,437626643800377,255
411,11802,1,2020-11-26,1,2020-12-22,0,3,0,0.73,2020,264017700138385,1,0,1,0,0,0,0,0,0,0,0,0,0,0,0,0,0,0,0,1,0,0,0,0,0,0,2,5,18,24,12792166,343991487179487,746
412,11238,0,2020-08-03,2,2020-12-23,0,1,0,0,2020,250126034107891,1,0,3,1,0,0,0,0,0,0,0,0,0,0,0,0,0,0,0,1,0,0,0,0,0,0,0,3,10,518,98903666,464632602178848,572
413,11812,1,2020-11-30,2,2020-12-23,1,3,0,16.83,2020,11643857410603,0,0,2,1,0,0,0,0,0,0,0,0,0,0,0,0,0,1,0,0,0,0,0,0,0,0,0,1,7,271,46691217,457078872093023,673
414,11616,2,2020-10-08,4,2020-12-28,1,3,2,6.43,2020,223998533141897,0,0,1,0,0,0,0,0,0,0,0,0,1,0,0,0,0,0,0,0,0,0,0,0,0,0,0,4,8,59,29119831,27604208218765,569
415,11831,2,2020-12-02,1,2020-12-29,1,4,2,1.87,2020,250149254125911,1,0,1,0,0,0,0,0,0,0,0,0,0,0,0,0,0,0,0,0,1,0,0,0,0,0,2,4,19,63,7049801,672802329898821,221
416,11847,0,2020-12-04,3,2020-12-29,1,2,0,24.4,2020,487620378413082,1,0,1,0,0,0,0,0,0,0,0,0,0,0,0,0,0,0,1,0,0,0,0,0,0,0,2,1,17,140,18633341,48262276829099,621
417,11848,2,2020-12-04,4,2020-12-29,1,7,4,6.1,2020,174150135147529,0,0,1,0,0,0,1,0,0,0,0,0,0,0,0,0,0,0,0,0,0,0,0,0,0,0,1,1,19,6082,641500494,501262978425656,683
418,11700,2,2020-10-28,5,2020-12-30,1,19,14,0.73,2020,1973701531672,0,0,1,0,0,0,0,0,0,0,0,0,1,0,0,0,0,0,0,0,0,0,0,0,0,0,1,1,3,361,5494404,623090104613274,122
419,11411,2,2020-09-04,5,2021-01-07,0,17,6,2.77,2021,114652488389072,1,0,1,0,0,0,0,0,0,0,0,0,1,0,0,0,0,0,0,0,0,0,0,0,0,0,0,5,9,1322,34414265,594613599552375,266
420,11915,2,2020-12-23,5,2021-01-08,1,12,8,0.73,2021,156807544726065,1,0,1,0,0,0,0,0,0,0,0,0,0,0,0,0,0,0,1,0,0,0,0,0,0,0,1,4,3,209,60464094,553440960118168,505
421,11063,0,2020-06-24,2,2021-01-11,0,1,0,0,2021,682033234517956,1,0,1,0,0,0,0,1,0,0,0,0,0,0,0,0,0,0,0,0,0,0,0,0,0,0,2,1,17,102,20890896,586318891089109,31
422,11648,2,2020-10-19,4,2021-01-11,0,3,2,2.57,2021,810674160326774,2,0,1,0,0,0,0,0,0,0,0,0,1,0,0,0,0,0,0,0,0,0,0,0,0,0,2,2,5,83,2955194,507672802998751,563
423,11727,0,2020-11-03,1,2021-01-11,0,1,0,0,2021,652320903179215,1,0,1,0,0,0,0,1,0,0,0,0,0,0,0,0,0,0,0,0,0,0,0,0,0,0,3,0,20,116,20528032,574988985507246,834
424,11462,0,2020-09-14,4,2021-01-12,0,1,0,0,2021,118309131470126,1,0,1,0,0,0,0,0,0,0,0,0,1,0,0,0,0,0,0,0,0,0,0,0,0,0,2,3,4,229,33619849,616211769406393,594
425,10782,2,2020-03-26,5,2021-01-13,0,28,13,0.87,2021,21516959887631,1,0,2,0,0,0,0,0,0,0,0,0,1,0,0,0,0,0,0,0,0,0,0,0,0,0,0,5,3,470,91798017,505916125566755,144
426,11480,0,2020-09-17,2,2021-01-15,0,1,0,0,2021,113582169192464,1,0,1,0,0,0,0,0,0,0,0,0,1,0,0,0,0,0,0,0,0,0,0,0,0,0,2,1,20,230,32132703,617922675386445,543
427,11901,2,2020-12-18,4,2021-01-15,1,17,10,4.1,2021,333534511677301,1,0,2,0,0,0,0,0,0,0,0,0,0,1,0,0,0,0,0,0,1,0,0,0,0,0,0,5,1,684,92476792,625539390994493,411
428,11945,2,2021-01-14,5,2021-01-15,1,12,7,1.23,2021,106545746785805,0,0,1,0,0,0,0,0,0,0,0,0,0,0,0,0,0,0,0,0,1,0,0,0,0,0,1,3,15,16,3203725,593899733806566,164
429,11505,0,2020-09-22,2,2021-01-18,1,1,0,0,2021,254783307531272,0,0,2,0,0,0,1,0,0,0,0,0,0,0,0,0,0,0,0,1,0,0,0,0,0,0,2,5,21,1224,83424306,557782634508349,763
430,11771,0,2020-11-17,2,2021-01-18,0,1,0,0,2021,452606343927157,0,0,6,1,0,0,1,0,0,1,0,0,0,0,0,0,0,0,0,0,0,1,0,0,0,0,4,4,19,95,25196609,340744631297269,782
431,11904,2,2020-12-18,4,2021-01-18,1,8,5,1.37,2021,572104336002038,0,0,1,0,0,0,1,0,0,0,0,0,0,0,0,0,0,0,0,0,0,0,0,0,0,0,1,3,4,110,15744123,628330095253833,574
432,11926,1,2021-01-05,4,2021-01-18,1,3,2,16.5,2021,595845507840179,0,0,1,0,0,0,0,0,0,0,0,0,0,0,0,0,0,0,1,0,0,0,0,0,0,0,0,3,4,183,2244533,563744800777454,71
433,10240,0,2019-11-22,0,2021-01-19,1,1,0,0,2021,237411718381412,2,0,1,0,0,0,0,0,0,0,0,0,0,0,0,0,0,0,0,0,1,0,0,0,0,0,2,2,5,684,108973065,380086382706393,725
434,10645,1,2020-03-03,5,2021-01-19,1,2,0,15.57,2021,484088284309417,0,0,4,0,0,0,0,0,0,1,0,0,1,0,0,0,0,0,0,0,1,0,0,0,0,0,2,5,9,1163,150160884,56662718829831,520
435,10724,2,2020-03-11,4,2021-01-19,0,8,5,0.7,2021,431973516859838,0,0,1,0,0,0,0,0,0,0,0,0,0,0,0,0,0,0,0,1,0,0,0,0,0,0,1,1,19,146,16946091,470182164937978,683
436,11046,2,2020-06-23,5,2021-01-19,0,19,8,7.67,2021,167925361781975,1,0,1,0,0,0,0,0,0,0,0,0,0,0,0,0,0,0,0,1,0,0,0,0,0,0,1,3,4,51,6659015,464440333768976,163
437,11543,1,2020-09-24,4,2021-01-19,0,3,0,1.13,2021,155314502962872,1,0,1,0,0,0,0,0,0,0,0,0,0,0,0,0,0,0,0,1,0,0,0,0,0,0,2,0,19,18,6964624,39438052173913,256
438,11545,1,2020-09-24,2,2021-01-19,0,3,0,1.8,2021,383559291655201,1,0,2,0,0,0,0,0,0,0,0,0,1,0,0,0,0,0,0,0,0,0,0,0,0,0,2,3,6,133,14400715,492932570422535,772
439,11578,0,2020-09-30,1,2021-01-19,0,1,0,0,2021,935938686163129,0,0,1,0,0,0,0,0,0,0,0,0,0,0,0,0,0,0,0,0,1,0,0,0,0,0,2,1,7,202,23299402,663789292929293,128
440,11695,0,2020-10-27,2,2021-01-19,0,1,0,0,2021,108585090284582,1,0,1,0,0,0,0,0,0,0,0,0,0,0,0,0,0,0,0,1,0,0,0,0,0,0,0,1,3,8,5213141,351599378109453,361
441,11925,2,2020-12-31,4,2021-01-19,1,10,6,9.73,2021,189373483852334,0,0,1,0,0,0,1,0,0,0,0,0,0,0,0,0,0,0,0,0,0,0,0,0,0,0,0,4,19,629,97658845,402771251223092,480
442,11958,2,2021-01-19,5,2021-01-19,1,7,4,3.7,2021,249853760097157,0,0,1,0,0,0,0,0,0,0,0,0,0,0,0,0,0,0,0,1,0,0,0,0,0,0,1,1,3,22,9818252,469283675675676,561
443,10269,2,2019-11-29,3,2021-01-20,0,17,4,1.47,2021,361329054317077,0,0,1,0,0,0,1,0,0,0,0,0,0,0,0,0,0,0,0,0,0,0,0,0,0,0,0,5,0,543,99884748,626654900201839,765
444,11776,2,2020-11-19,5,2021-01-20,1,13,6,03.07,2021,632106963031596,1,0,2,0,0,0,1,0,0,0,0,0,0,0,0,0,0,0,0,1,0,0,0,0,0,0,0,5,1,11629,414346279,114706998865627,66
445,11651,0,2020-10-20,4,2021-01-21,1,1,0,0,2021,579052971661982,1,0,1,0,0,0,0,0,0,0,0,0,0,0,0,0,0,0,0,0,1,0,0,0,0,0,2,2,13,135,26226202,388310157434402,272
446,11911,2,2020-12-22,2,2021-01-21,1,9,7,3.23,2021,382174961296908,0,0,1,0,0,0,1,0,0,0,0,0,0,0,0,0,0,0,0,0,0,0,0,0,0,0,1,3,6,132,17218232,391528156197544,56
447,11755,2,2020-11-10,4,2021-01-22,1,7,4,1.5,2021,218790860662688,0,0,2,1,0,0,0,0,0,0,0,0,0,0,0,0,0,1,0,0,0,0,0,0,0,0,1,3,8,360,75818889,531982166666667,601
448,11037,1,2020-06-19,4,2021-01-25,0,2,0,21.47,2021,307691394923616,0,0,1,0,0,0,0,0,0,0,0,0,0,0,0,0,0,0,0,0,1,0,0,0,0,0,2,1,20,166,138283725,393026289049178,680
449,10992,0,2020-06-08,5,2021-01-26,0,1,0,0,2021,165098097430339,1,0,3,1,0,0,0,0,0,0,0,0,0,0,0,0,0,1,0,0,0,1,0,0,0,0,0,5,1,349,50167191,589614623527843,484
450,11264,1,2020-08-10,4,2021-01-26,0,4,0,5.17,2021,853554468929714,1,0,1,0,0,0,0,0,0,0,0,0,0,0,0,0,0,0,0,0,1,0,0,0,0,0,2,5,12,185,24532293,611830806962025,575
451,11546,0,2020-09-25,3,2021-01-26,0,1,0,0,2021,919731954714243,1,0,1,0,0,0,0,0,0,0,0,0,0,0,0,0,0,0,1,0,0,0,0,0,0,0,2,3,6,190,22564897,668650558002937,387
452,10275,2,2019-12-02,5,2021-01-27,0,4,3,2.63,2021,675280433414922,1,0,2,0,0,0,1,0,0,0,0,0,0,0,0,0,0,0,0,0,0,0,0,0,0,0,1,0,11,2167,269877123,460245754,655
453,11282,2,2020-08-12,2,2021-01-28,1,4,1,3.93,2021,299949439320906,1,0,1,0,0,0,0,0,0,0,0,0,0,0,0,0,0,0,0,1,0,0,0,0,0,0,0,1,3,64,1406174,366852099913324,591
454,11349,0,2020-08-24,3,2021-01-28,1,1,0,0,2021,364803372147048,0,0,1,0,0,0,0,0,0,0,0,0,0,0,0,0,0,1,0,0,0,0,0,0,0,0,0,5,12,72,11498725,574298671849692,839
455,11487,0,2020-09-18,3,2021-01-28,0,1,0,0,2021,102723997172836,0,0,1,0,0,0,0,0,0,0,0,0,1,0,0,0,0,0,0,0,0,0,0,0,0,0,0,3,10,192,281823,629474246091588,656
456,11868,2,2020-12-09,5,2021-01-28,1,4,2,1.43,2021,812836441403859,1,0,1,0,0,0,1,0,0,0,0,0,0,0,0,0,0,0,0,0,0,0,0,0,0,0,0,4,3,907,334974286,522738288151436,145
457,11846,2,2020-12-03,1,2021-01-29,1,6,4,2.4,2021,175572914378714,1,0,1,0,0,0,0,0,0,0,0,0,0,0,0,0,0,0,0,1,0,0,0,0,0,0,0,1,3,12,8905231,314982230769231,282
458,11963,2,2021-01-19,4,2021-01-29,1,3,1,17.27,2021,243202248098032,0,0,1,0,0,0,0,0,0,0,0,0,1,0,0,0,0,0,0,0,0,0,0,0,0,0,0,1,7,1399,145016181,194690095793419,832
459,11093,0,2020-07-03,0,2021-02-01,0,2,0,0,2021,206681630540531,0,0,3,0,0,0,0,0,0,0,0,0,1,0,0,0,0,0,0,0,0,1,0,0,0,0,2,3,10,34,8248943,465568966634273,774
460,11212,0,2020-07-23,3,2021-02-01,0,1,0,0,2021,378681990469628,1,0,4,0,0,0,0,0,0,0,0,0,0,0,0,0,0,0,1,0,0,0,0,0,0,0,2,3,4,522,155289478,450885862800566,559
461,11702,0,2020-10-28,0,2021-02-01,0,1,0,0,2021,582485098195976,1,0,1,0,0,0,0,0,0,0,1,0,0,0,0,0,0,0,0,0,0,0,0,0,0,0,2,2,14,147,194699,552416091954023,332
462,12022,2,2021-01-28,1,2021-02-01,0,7,5,0.1,2021,3749326490521,1,0,1,0,0,0,0,0,0,0,0,0,0,0,0,0,0,0,0,1,0,0,0,0,0,0,0,1,3,2,1696642,394056428571429,282
463,11690,2,2020-10-25,3,2021-02-02,1,2,1,8.13,2021,470774825120099,0,0,1,0,0,0,0,0,0,0,0,0,0,1,0,0,0,0,0,0,0,0,0,0,0,0,2,1,20,148,12221531,652377700348432,278
464,11827,2,2020-12-01,2,2021-02-02,0,3,2,02.03,2021,223888361984862,1,0,2,0,0,0,0,0,0,0,0,0,1,0,0,0,0,0,0,1,0,0,0,0,0,0,2,1,3,539,99851747,402800556220096,708
465,11791,2,2020-11-23,4,2021-02-03,0,2,1,4.87,2021,573368463331335,1,0,6,0,0,0,0,0,0,0,0,0,1,0,0,0,0,0,0,1,0,0,0,0,0,0,1,1,17,118,25087918,41409652679172,745
466,11805,0,2020-11-26,6,2021-02-03,0,1,0,0,2021,286555675691471,1,0,4,0,0,0,1,0,0,0,0,0,1,0,0,0,0,0,0,1,0,0,0,0,1,0,2,0,11,6,10960633,487820887850467,391
467,11600,0,2020-10-06,2,2021-02-05,1,1,0,0,2021,219603412011177,1,0,1,0,0,0,0,0,0,0,0,0,0,0,0,0,0,0,0,1,0,0,0,0,0,0,2,0,20,70,8195084,500299756097561,114
468,11738,2,2020-11-05,5,2021-02-05,1,5,3,0.27,2021,907676827457167,1,0,1,0,0,0,1,0,0,0,0,0,0,0,0,0,0,0,0,0,0,0,0,0,0,0,0,5,3,424,26849162,660352156862745,145
469,11954,0,2021-01-18,0,2021-02-08,1,1,0,0,2021,417384414103839,0,0,1,0,0,0,0,0,0,0,0,0,0,1,0,0,0,0,0,0,0,0,0,0,0,0,2,1,17,772,122960993,605518737387834,132
470,10490,2,2020-02-06,1,2021-02-11,0,5,3,06.03,2021,277048457326129,0,0,1,0,0,0,0,0,0,0,0,0,0,0,0,0,0,0,0,0,1,0,0,0,0,0,1,5,0,531,73086261,646755625906235,118
471,10511,2,2020-02-10,1,2021-02-11,0,6,3,0,2021,226968165149642,0,0,1,0,0,0,0,0,0,0,0,0,0,0,0,0,0,0,0,0,1,0,0,0,0,0,1,5,0,423,60378874,643782454277286,118
472,12066,0,2021-02-04,1,2021-02-11,0,1,0,0,2021,195199317732724,1,0,1,0,0,0,0,0,0,0,1,0,0,0,0,0,0,0,0,0,0,0,0,0,0,0,2,2,14,38,4866008,666197358943577,455
473,12108,2,2021-02-12,1,2021-02-12,1,2,1,8.63,2021,65613219325274,0,0,1,0,0,0,0,0,0,0,0,0,0,0,0,0,0,0,0,0,1,0,0,0,0,0,2,3,15,23,1720356,64890693877551,426
474,11908,1,2020-12-21,4,2021-02-16,0,2,1,13.77,2021,234239181279269,0,0,1,0,0,0,0,0,0,0,1,0,0,0,0,0,0,0,0,0,0,0,0,0,0,0,2,5,0,52,68166,610324129651861,346
475,12037,0,2021-02-01,6,2021-02-16,0,2,0,0.23,2021,390398635465448,0,0,1,0,0,0,0,0,0,0,1,0,0,0,0,0,0,0,0,0,0,0,0,0,0,0,0,3,10,66,11614344,601634573829532,227
476,11204,2,2020-07-22,4,2021-02-18,0,3,2,5.8,2021,260648500737226,1,0,2,0,0,0,0,0,0,0,0,0,1,0,0,0,0,0,0,1,0,0,0,0,0,0,1,1,17,430,123189215,367132633796124,194
477,11692,2,2020-10-26,5,2021-02-19,1,12,6,6.33,2021,509151860677501,0,0,1,0,0,0,0,0,0,0,0,0,0,0,0,0,0,0,0,0,1,0,0,0,0,0,0,4,8,96,16617543,562966507554539,568
478,11836,0,2020-12-02,4,2021-02-19,1,2,0,30.67,2021,45915860787679,1,0,2,0,0,0,0,0,0,0,0,0,0,0,0,0,0,1,0,0,0,0,0,0,0,0,0,5,1,203,251676432,266035485564304,757
479,12052,2,2021-02-02,3,2021-02-19,1,6,3,0,2021,970807788917336,1,0,3,0,0,0,0,0,0,0,0,0,0,0,0,0,0,0,0,1,0,0,0,0,0,0,1,0,20,256,39534571,454695572413793,701
480,11310,2,2020-08-19,4,2021-02-23,1,11,6,0.03,2021,50407353226274,0,0,2,0,0,0,0,0,0,0,0,0,0,1,0,0,0,0,0,0,0,1,0,0,0,0,1,0,19,1265,224863905,402660685230812,258
481,11677,1,2020-10-23,4,2021-02-23,0,2,0,3.73,2021,492246750070699,0,0,1,0,0,0,0,0,0,0,0,0,1,0,0,0,0,0,0,0,0,0,0,0,0,0,0,5,20,520,2618039,389307441101003,291
482,12026,2,2021-01-29,1,2021-02-23,1,3,2,0.37,2021,140599749135694,0,0,1,0,0,0,0,0,0,0,0,0,0,0,0,0,0,0,0,0,1,0,0,0,0,0,2,3,15,409,40685731,612516847619048,426
483,12099,0,2021-02-10,3,2021-02-24,0,1,0,0,2021,100428395520442,1,0,1,0,0,0,0,0,0,0,0,0,1,0,0,0,0,0,0,0,0,0,0,0,0,0,0,3,4,25,2578098,6562536,348
484,11957,2,2021-01-18,5,2021-02-25,1,13,8,1.37,2021,183984813795921,0,0,1,0,0,0,1,0,0,0,0,0,0,0,0,0,0,0,0,0,0,0,0,0,0,0,1,3,15,263,57256207,583288158660844,164
485,10200,2,2019-11-12,5,2021-02-26,0,20,8,1.27,2021,556892171178654,0,0,1,0,0,0,0,0,0,0,0,0,1,0,0,0,0,0,0,0,0,0,0,0,0,0,1,3,4,91,15095628,637026166932163,163
486,10396,2,2020-01-15,4,2021-02-26,1,8,2,6.67,2021,132364620611159,1,0,1,0,0,0,0,0,0,0,0,0,0,0,0,0,0,0,0,0,1,0,0,0,0,0,0,1,3,785,78072207,210195174506829,467
487,10705,2,2020-03-05,5,2021-02-26,1,12,7,5.2,2021,114823128078073,0,0,1,0,0,0,0,0,0,0,0,0,1,0,0,0,0,0,0,0,0,0,0,0,0,0,1,5,1,294,45410354,470433189504373,523
488,10905,2,2020-05-18,5,2021-02-26,1,18,9,3.83,2021,213207993423484,3,0,3,0,0,0,0,0,0,1,0,0,0,0,0,0,0,0,0,0,0,1,0,0,0,0,0,4,4,268,95674184,48474684711389,819
489,11617,0,2020-10-08,2,2021-02-26,0,1,0,0,2021,249062411934493,0,0,1,0,0,0,0,0,0,0,0,0,0,0,0,0,0,0,0,0,0,0,0,0,0,0,2,5,0,405,77460657,58354485483871,12
490,11985,0,2021-01-22,6,2021-02-26,0,1,0,0,2021,137921660425652,1,0,1,0,0,0,0,0,0,0,1,0,0,0,0,0,0,0,0,0,0,0,0,0,0,0,2,2,14,29,3488421,661318349514563,308
491,11766,2,2020-11-16,5,2021-03-01,0,20,15,02.03,2021,142888946062537,1,0,1,0,0,0,0,0,0,0,0,0,0,0,0,0,0,0,1,0,0,0,0,0,0,0,1,1,3,304,421180,608939481160981,122
492,11883,0,2020-12-10,1,2021-03-01,0,1,0,0,2021,125241096382623,0,0,1,0,0,0,0,0,0,0,0,0,0,0,0,0,0,0,0,0,1,0,0,0,0,0,0,5,18,286,32425321,656511430084746,274
493,12179,2,2021-02-26,4,2021-03-01,1,9,6,1.4,2021,13253632337807,0,0,1,0,0,0,1,0,0,0,0,0,0,0,0,0,0,0,0,0,0,0,0,0,0,0,1,3,4,28,3405892,659065603923973,574
494,11882,2,2020-12-10,5,2021-03-02,0,3,2,0.23,2021,216267425529365,0,0,1,0,0,0,0,0,0,0,0,0,0,0,0,0,0,0,0,0,1,0,0,0,0,0,2,5,9,503,58417124,64163637060746,287
495,11959,2,2021-01-19,1,2021-03-02,0,2,1,4.6,2021,307165728000677,0,0,1,0,0,0,0,0,0,0,0,0,1,0,0,0,0,0,0,0,0,0,0,0,0,0,2,5,0,79,10614269,541549767843645,107
496,11971,2,2021-01-20,3,2021-03-02,1,6,4,7.6,2021,45506033777878,1,0,1,0,0,0,0,0,0,0,0,0,0,0,0,0,0,0,0,1,0,0,0,0,0,0,1,3,10,14,20240,409912536443149,285
497,11606,2,2020-10-06,1,2021-03-03,0,2,1,6.93,2021,286688012800632,0,0,1,0,0,0,0,0,0,0,0,0,1,0,0,0,0,0,0,0,0,0,0,0,0,0,2,2,16,60,14960854,307656346892499,519
498,11930,0,2021-01-06,6,2021-03-03,0,1,0,0,2021,453922686934333,1,0,1,0,0,0,1,0,0,0,0,0,0,0,0,0,0,0,0,0,0,0,0,0,0,0,2,2,16,325,1965629,425494055839307,182
499,11977,2,2021-01-20,4,2021-03-03,0,10,6,1.13,2021,204343100660817,3,0,2,1,0,0,0,0,0,0,0,0,1,0,0,0,0,0,0,0,0,0,0,0,0,0,1,2,14,1092,93866963,379602820864806,337
500,12192,2,2021-03-01,5,2021-03-03,0,10,5,9.63,2021,45506033777878,0,0,1,0,0,0,0,0,0,0,0,0,0,0,0,0,0,0,0,1,0,0,0,0,0,0,1,5,0,31,3378661,14967638483965,849
501,11643,1,2020-10-19,5,2021-03-04,0,2,0,11.97,2021,168624428405278,1,0,1,0,0,0,0,0,0,0,0,0,0,0,0,0,0,0,0,0,1,0,0,0,0,0,2,2,13,655.5,776744,388871754523997,506
502,11919,0,2020-12-28,1,2021-03-08,0,1,0,0,2021,554563330671117,1,0,1,0,0,0,0,0,0,0,1,0,0,0,0,0,0,0,0,0,0,0,0,0,0,0,2,3,1,97,15133867,637945765550239,753
503,12032,0,2021-01-31,2,2021-03-08,0,2,0,0.67,2021,159271118222573,1,0,1,0,0,0,0,0,0,0,0,0,0,0,0,0,0,0,0,1,0,0,0,0,0,0,2,2,15,31,3892644,675748104956268,748
504,12164,2,2021-02-23,1,2021-03-08,1,2,1,5.8,2021,234827050029164,0,0,1,0,0,0,1,0,0,0,0,0,0,0,0,0,0,0,0,0,0,0,0,0,0,0,2,3,10,49,6188562,650363728813559,262
505,11921,0,2020-12-29,4,2021-03-09,0,2,0,37.1,2021,111989268359056,2,0,3,0,0,0,1,0,0,0,0,0,1,0,0,0,0,0,0,0,0,0,0,0,0,0,2,2,14,1978,4682784,445243265438378,712
506,11928,0,2021-01-06,2,2021-03-09,0,1,0,0,2021,129542704395389,1,0,4,1,0,0,1,0,0,1,0,0,0,0,0,0,0,0,0,1,0,0,0,0,0,0,0,4,20,172,50549797,550643966228736,318
507,11629,0,2020-10-13,3,2021-03-11,1,1,0,0,2021,756537811557222,2,0,1,0,0,0,0,0,0,0,0,0,0,0,0,0,0,0,0,0,1,0,0,0,0,0,2,2,12,227,32199707,43532813959096,792
508,10530,1,2020-02-13,5,2021-03-15,0,2,0,8.1,2021,614331456001353,0,0,1,0,0,0,0,0,0,0,0,0,0,0,0,0,0,0,0,1,0,0,0,0,0,0,2,0,20,173,25176176,456296814598855,309
509,11875,0,2020-12-09,3,2021-03-15,1,1,0,0,2021,648460981334762,2,0,1,0,0,0,0,0,0,0,0,1,0,0,0,0,0,0,0,0,0,0,0,0,0,0,2,2,5,148,24525813,49821875095903,717
510,11949,1,2021-01-15,4,2021-03-15,0,2,0,3.13,2021,750849557334987,1,0,1,0,0,0,0,0,0,0,0,0,1,0,0,0,0,0,0,0,0,0,0,0,0,0,2,5,12,131,23338594,587620920576023,835
511,12207,0,2021-03-03,1,2021-03-15,1,1,0,0,2021,144349928653484,0,0,1,0,0,0,0,0,0,0,0,0,1,0,0,0,0,0,0,0,0,0,0,0,0,0,2,2,16,102,10879221,101099958356008,2
512,12043,1,2021-02-01,2,2021-03-16,0,3,0,6.27,2021,343570555022979,1,0,1,0,0,0,0,0,0,0,0,0,1,0,0,0,0,0,0,0,0,0,0,0,0,0,2,3,10,68,10349063,600368273704941,566
513,11327,2,2020-08-21,5,2021-03-17,0,8,5,1.9,2021,853072297971618,1,0,2,0,0,0,0,0,0,0,0,0,1,0,0,0,0,0,0,1,0,0,0,0,0,0,1,1,3,235,36356216,434584510108865,561
514,11722,1,2020-11-03,1,2021-03-17,0,4,0,1.9,2021,513435364143958,1,0,1,0,0,0,0,0,0,0,0,0,0,0,0,0,0,0,0,1,0,0,0,0,0,0,4,0,20,222,2657423,313327390180879,744
515,12012,2,2021-01-27,4,2021-03-17,0,4,1,0.53,2021,15803728127453,1,0,1,0,0,0,0,0,0,0,1,0,0,0,0,0,0,0,0,0,0,0,0,0,0,0,2,5,1,432,62825049,472590253525856,821
516,12120,0,2021-02-15,6,2021-03-18,1,1,0,0,2021,305142495609387,0,0,1,0,0,0,0,0,0,0,0,0,0,1,0,0,0,0,0,0,0,0,0,0,0,0,0,1,17,77,7426247,677119695652174,68
517,10448,1,2020-01-27,5,2021-03-22,1,8,2,17.63,2021,395902493867539,0,0,1,0,0,0,0,0,0,0,0,0,0,0,0,0,0,0,0,0,1,0,0,0,0,0,1,5,9,78,11962295,599132234174458,284
518,11241,2,2020-08-03,3,2021-03-22,1,8,4,3.87,2021,113310024106916,0,0,2,0,0,0,0,0,0,0,0,0,1,0,0,0,0,0,0,0,0,1,0,0,0,0,1,3,10,282,37250746,563844345311274,340
519,11931,2,2021-01-07,2,2021-03-22,1,13,4,3.5,2021,196813596089322,1,0,1,0,0,0,0,0,0,0,0,0,0,0,0,0,0,0,0,1,0,0,0,0,0,0,1,2,14,78,9628864,350925091423853,334
520,12016,2,2021-01-27,0,2021-03-22,0,3,2,3.4,2021,472307522758392,0,0,1,0,0,0,0,0,0,0,0,0,0,0,0,0,0,0,0,0,1,0,0,0,0,0,4,5,18,77,12649081,644688735955056,486
521,12073,2,2021-02-05,5,2021-03-22,1,15,10,11.9,2021,173867178556827,0,0,1,0,0,0,0,0,0,0,0,0,1,0,0,0,0,0,0,0,0,0,0,0,0,0,1,4,4,19,3900074,703979203036053,354
522,12081,2,2021-02-08,0,2021-03-22,1,2,1,9.73,2021,171145144134336,0,0,1,0,0,0,0,0,0,0,0,0,0,0,0,0,0,0,0,1,0,0,0,0,0,0,1,1,17,36,7562283,413776511627907,190
523,12282,0,2021-03-16,1,2021-03-22,1,1,0,0,2021,46643684622325,1,0,1,0,0,0,0,0,0,0,0,0,1,0,0,0,0,0,0,0,0,0,0,0,0,0,2,2,16,202,32113745,865748417834033,428
524,11145,0,2020-07-14,2,2021-03-23,0,1,0,0,2021,792043792023836,0,0,1,0,0,0,0,0,0,0,0,0,1,0,0,0,0,0,0,0,0,0,0,0,0,0,0,2,14,134,2581678,567558123953099,733
525,11903,1,2020-12-18,5,2021-03-23,1,1,0,0,2021,211477020143029,1,0,1,0,0,0,0,0,0,0,0,0,0,0,0,0,0,1,0,0,0,0,0,0,0,0,2,1,7,410,62657902,606914040150565,147
526,11942,0,2021-01-13,1,2021-03-23,0,1,0,0,2021,737648825761447,1,0,1,0,0,0,0,0,0,0,1,0,0,0,0,0,0,0,0,0,0,0,0,0,0,0,2,2,16,210,29404366,471144496402878,580
527,11979,2,2021-01-20,4,2021-03-23,1,6,2,4.93,2021,296926870400654,0,0,1,0,0,0,0,0,0,0,0,0,0,0,1,0,0,0,0,0,0,0,0,0,0,0,2,2,16,49,20693867,753720496408744,751
528,12209,2,2021-03-04,1,2021-03-23,1,3,1,8.57,2021,668938696534807,0,0,1,0,0,0,0,0,0,0,0,0,1,0,0,0,0,0,0,0,0,0,0,0,0,0,0,4,17,132,28411967,516803282312925,695
529,12240,1,2021-03-08,1,2021-03-23,1,2,0,2.1,2021,796355591112866,0,0,1,0,0,0,0,0,0,0,0,0,0,0,0,0,0,0,1,0,0,0,0,0,0,0,2,5,7,15,2822014,529860224906289,128
530,12044,2,2021-02-01,5,2021-03-25,1,13,9,2.53,2021,129484457809804,0,0,1,0,0,0,0,0,0,0,0,0,0,0,0,0,0,0,1,0,0,0,0,0,0,0,1,4,3,388.5,43920057,614118244155593,504
531,11586,1,2020-10-01,5,2021-03-26,1,6,1,8.43,2021,898744167113091,2,0,1,0,0,0,0,0,0,0,0,0,0,0,0,0,0,0,1,0,0,0,0,0,0,0,0,2,15,173,2509537,629547625198361,690
532,11724,0,2020-11-03,1,2021-03-26,1,2,0,6.57,2021,560865188252812,1,0,2,0,0,0,0,0,0,1,0,0,0,0,0,0,0,0,0,0,1,0,0,0,0,0,2,1,3,91,25575008,39503233589592,310
533,12256,0,2021-03-11,1,2021-03-26,1,1,0,0,2021,68259050666817,0,0,1,0,0,0,0,0,0,0,0,0,1,0,0,0,0,0,0,0,0,0,0,0,0,0,0,2,16,9,240064,533403304178814,697
534,11203,2,2020-07-22,5,2021-03-29,0,9,5,0.4,2021,114362101992495,1,0,2,0,0,0,0,0,0,0,0,0,1,0,0,0,0,0,0,1,0,0,0,0,0,0,1,1,3,175,52368233,392479895591647,561
535,11694,0,2020-10-27,0,2021-03-29,0,1,0,0,2021,108922605366256,1,0,1,0,0,0,0,0,0,0,0,0,0,0,0,0,0,0,0,1,0,0,0,0,0,0,2,3,10,7,5411246,340895736906212,161
536,11960,0,2021-01-19,1,2021-03-29,0,1,0,0,2021,959039661868779,1,0,2,0,0,0,0,0,0,0,0,0,0,0,0,0,0,0,0,1,0,0,0,0,0,0,2,2,14,147,34670281,520381796236542,459
537,12070,1,2021-02-04,5,2021-03-29,0,3,0,6,2021,558359034454563,1,0,1,0,0,0,0,0,0,0,0,0,0,0,0,0,0,0,0,1,0,0,0,0,0,0,2,5,0,1050,261415659,378855111307534,110
538,12123,2,2021-02-16,4,2021-03-29,1,7,4,08.03,2021,302615124622889,2,0,1,0,0,0,0,0,0,0,0,0,0,0,0,0,1,0,0,0,0,0,0,0,0,0,0,2,5,81,9171476,597909818277472,565
539,12126,2,2021-02-16,6,2021-03-29,0,1,0,0,2021,416380209067584,0,0,1,0,1,0,0,0,0,0,0,0,0,0,0,0,0,0,0,0,0,0,0,0,0,0,2,3,17,68,15192977,515908266819608,102
540,12171,2,2021-02-25,4,2021-03-29,0,3,1,1.8,2021,543949662623883,1,0,1,0,0,0,0,0,0,0,0,0,0,0,0,0,0,0,0,1,0,0,0,0,0,0,1,1,17,8,2543571,379616829268293,745
541,11888,2,2020-12-11,3,2021-03-30,0,4,2,3.77,2021,865786422149463,0,0,2,0,0,0,0,0,0,1,0,0,0,0,0,0,0,0,0,1,0,0,0,0,0,0,2,2,13,172,23510093,621834841725398,659
542,11916,1,2020-12-23,4,2021-03-30,0,9,3,10.77,2021,206597393351566,3,0,1,0,0,0,0,0,0,0,0,0,0,0,0,0,0,0,0,0,1,0,0,0,0,0,0,5,0,449,7321338,529845622326967,181
543,11972,0,2021-01-20,3,2021-03-30,1,2,0,10.5,2021,432307320889841,2,0,1,0,0,0,0,0,0,0,0,1,0,0,0,0,0,0,0,0,0,0,0,0,0,0,2,2,5,104,14239423,563006812950744,715
544,12273,2,2021-03-16,2,2021-03-30,1,3,2,6.43,2021,45506033777878,0,0,1,0,0,0,0,0,0,0,1,0,0,0,0,0,0,0,0,0,0,0,0,0,0,0,4,0,20,105,20054784,415312419825073,780
545,12304,0,2021-03-22,3,2021-03-30,1,3,1,0,2021,967003217779908,2,0,1,0,0,0,0,0,0,0,0,1,0,0,0,0,0,0,0,0,0,0,0,0,0,0,2,2,5,48,3188318,562569987995198,715
546,12328,2,2021-03-25,4,2021-03-30,1,10,7,0.97,2021,536971198578961,0,0,1,0,0,0,1,0,0,0,0,0,0,0,0,0,0,0,0,0,0,0,0,0,0,0,1,3,4,110,13615046,663610070662648,574
547,12312,2,2021-03-23,5,2021-03-31,1,7,5,1.8,2021,849254876433551,0,0,1,0,0,0,0,0,0,0,0,0,0,0,0,0,0,1,0,0,0,0,0,0,0,0,0,1,3,277,32226761,568294479280406,145
548,12363,2,2021-03-31,4,2021-03-31,1,11,8,0.03,2021,13253632337807,0,0,1,0,0,0,1,0,0,0,0,0,0,0,0,0,0,0,0,0,0,0,0,0,0,0,1,3,4,28,3405892,659065603923973,574
549,11965,2,2021-01-20,4,2021-04-05,0,5,3,3.83,2021,302819128919542,3,0,1,0,0,0,0,0,0,0,0,0,0,0,0,0,0,0,0,0,1,0,0,0,0,0,0,5,2,666,106554353,534608283041015,776
550,12102,2,2021-02-11,4,2021-04-05,1,12,9,0.17,2021,191532778081306,0,0,2,0,0,0,1,0,0,0,0,0,0,0,0,0,0,0,0,0,0,1,0,0,0,0,1,3,4,438,61885875,572654449206088,574
551,11914,0,2020-12-22,5,2021-04-06,0,1,0,0,2021,17709705308171,1,0,1,0,0,0,0,0,0,0,0,0,0,0,0,0,0,0,0,0,1,0,0,0,0,0,2,0,19,544,54251325,594837005227782,435
552,4495,0,2019-09-10,1,2021-04-07,1,1,0,0,2021,336838199254784,2,0,1,0,0,0,0,0,1,0,0,0,0,0,0,0,0,0,0,0,0,0,0,0,0,0,2,2,5,648,16325081,358990083737704,795
553,10639,0,2020-03-03,1,2021-04-07,1,1,0,0,2021,255180453980897,0,0,1,0,0,0,0,0,0,0,0,0,0,0,0,0,0,1,0,0,0,0,0,0,0,0,2,1,7,587,8192796,575365286686103,771
554,12038,2,2021-02-01,0,2021-04-07,0,2,1,5.87,2021,525074907813524,1,0,1,0,0,0,1,0,0,0,0,0,0,0,0,0,0,0,0,0,0,0,0,0,0,0,4,0,20,125,22509973,432998161209068,175
555,12140,0,2021-02-18,0,2021-04-08,1,1,0,0,2021,108876993698516,1,0,1,0,0,0,0,0,0,0,0,0,0,0,0,0,0,0,0,0,1,0,0,0,0,0,0,2,14,310,46127772,439652915451895,734
556,11918,0,2020-12-27,6,2021-04-12,1,1,0,0,2021,189926340002293,0,0,1,0,0,0,1,0,0,0,0,0,0,0,0,0,0,0,0,0,0,0,0,0,0,0,2,5,2,425,55259863,615182012534819,220
557,11991,0,2021-01-22,3,2021-04-13,0,3,0,2.7,2021,825306654367296,3,0,1,0,0,0,0,0,0,0,0,0,0,0,0,0,0,0,0,0,1,0,0,0,0,0,3,5,18,181,28241409,547413317307692,400
558,12064,0,2021-02-04,5,2021-04-13,1,3,0,27.53,2021,357368362744475,1,0,1,0,0,0,0,0,0,0,0,0,1,0,0,0,0,0,0,0,0,0,0,0,0,0,2,3,4,102,14396374,467195632864545,588
559,12100,2,2021-02-11,5,2021-04-13,1,13,7,1.77,2021,547081080414454,0,0,1,0,0,0,0,0,0,0,0,0,0,0,0,0,0,0,0,0,1,0,0,0,0,0,0,4,8,129.5,16931221,590675882217828,568
560,12113,0,2021-02-15,2,2021-04-13,1,2,0,33.97,2021,624905453872549,0,0,1,0,0,0,0,0,0,0,0,0,1,0,0,0,0,0,0,0,0,0,0,0,0,0,2,4,6,828,316914845,424834066094105,60
561,12255,2,2021-03-11,4,2021-04-13,1,13,10,0.27,2021,669139857105463,0,0,1,0,0,0,0,0,0,0,0,0,1,0,0,0,0,0,0,0,0,0,0,0,0,0,1,3,4,155,20172444,601275999407027,574
562,11857,2,2020-12-08,3,2021-04-14,0,5,3,7.67,2021,3016792888677,1,0,1,0,0,0,0,0,0,0,0,0,1,0,0,0,0,0,0,0,0,0,0,0,0,0,2,4,3,4,20036976,246728441499692,462
563,12079,1,2021-02-08,4,2021-04-14,0,5,2,13.27,2021,102072181592359,0,0,1,0,0,0,0,0,0,0,0,0,0,0,0,0,0,0,0,1,0,0,0,0,0,0,2,3,10,24,2423983,685910851959831,567
564,12114,2,2021-02-15,4,2021-04-15,1,16,11,0.8,2021,226754463994204,0,0,2,0,0,0,0,0,0,0,0,0,1,0,0,0,0,0,0,0,0,0,0,0,0,0,1,4,4,379,148465996,257432327800967,355
565,10187,2,2019-11-08,5,2021-04-18,0,14,8,0.17,2021,133448387660458,0,0,1,0,0,0,0,0,0,0,0,0,1,0,0,0,0,0,0,0,0,0,0,0,0,0,0,4,8,4900,7195425,388483742574596,568
566,10875,2,2020-05-11,5,2021-04-18,0,16,8,0,2021,259012873122994,1,0,1,0,0,0,0,0,0,0,0,0,1,0,0,0,0,0,0,0,0,0,0,0,0,0,0,4,8,228,153334456,328596972871714,568
567,11435,0,2020-09-08,3,2021-04-19,0,19,2,0.2,2021,669139857105463,0,0,1,0,0,0,1,0,0,0,0,0,0,0,0,0,0,0,0,0,0,0,0,0,0,0,0,2,16,150,21412922,576756989672382,812
568,11763,2,2020-11-13,4,2021-04-20,0,8,2,7.7,2021,107273363738632,0,0,2,0,0,0,0,0,0,1,0,0,1,0,0,0,0,0,0,0,0,0,0,0,0,0,1,2,4,357,39488925,488787486512988,818
569,12332,2,2021-03-26,0,2021-04-22,1,1,0,0,2021,676398323352031,0,0,1,0,0,0,0,0,0,0,0,0,0,0,0,0,1,0,0,0,0,0,0,0,0,0,2,2,5,234,29853713,499434725016767,357
570,12367,2,2021-04-01,2,2021-04-23,1,20,2,0.13,2021,119553800599844,0,0,1,0,0,0,0,0,0,0,0,0,0,0,0,0,0,1,0,0,0,0,0,0,0,0,0,2,16,323,45075389,501337333692596,808
571,11442,0,2020-09-09,5,2021-04-26,0,1,0,0,2021,555726322002842,3,0,1,0,0,0,0,0,0,0,0,0,1,0,0,0,0,0,0,0,0,0,0,0,0,0,2,2,16,148,27714595,340403522341881,50
572,12057,2,2021-02-03,4,2021-04-26,1,7,5,2.3,2021,317557898287339,1,0,1,0,0,0,1,0,0,0,0,0,0,0,0,0,0,0,0,0,0,0,0,0,0,0,1,0,11,689,101846567,575816047480217,518
573,12377,2,2021-04-05,4,2021-04-26,1,4,3,3.97,2021,122287521584093,0,0,1,0,0,0,0,0,0,0,0,0,0,0,0,0,0,0,0,0,1,0,0,0,0,0,0,4,8,334,29440833,683268813910664,569
574,12056,2,2021-02-03,4,2021-04-27,1,13,3,1.37,2021,474815849438664,0,0,3,0,0,0,0,0,0,0,0,0,1,0,0,0,0,1,0,0,0,0,0,0,0,0,0,0,20,856,176591755,508100961002785,187
575,12135,2,2021-02-16,4,2021-04-27,0,4,3,3.3,2021,504689369263796,0,1,1,0,0,0,1,0,0,0,0,0,0,0,0,0,0,0,0,0,0,0,0,0,0,0,0,3,4,81,20939931,52943894915416,71
576,12184,2,2021-03-01,3,2021-04-28,1,8,4,0.73,2021,246004868019662,1,0,1,0,0,0,0,0,0,0,0,0,1,0,0,0,0,0,0,0,0,0,0,0,0,0,1,0,20,62,6441693,653672419354839,701
577,12263,0,2021-03-11,0,2021-04-28,0,1,0,0,2021,431169827686914,1,0,1,0,0,0,0,0,0,0,0,0,1,0,0,0,0,0,0,0,0,0,0,0,0,0,2,2,14,114,17984765,44832009202454,787
578,12348,0,2021-03-29,1,2021-04-28,0,1,0,0,2021,601786099071203,1,0,1,0,0,0,0,0,0,0,1,0,0,0,0,0,0,0,0,0,0,0,0,0,0,0,2,1,17,109,1755511,614173406593407,207
579,12493,2,2021-04-20,1,2021-04-29,0,3,2,5.9,2021,271134404011904,1,0,3,1,0,0,1,0,0,1,0,0,0,0,0,0,0,0,0,0,0,0,0,0,0,0,2,5,1,57,7561211,63116043902439,100
580,12189,2,2021-03-01,5,2021-04-30,1,21,15,2,2021,171254438004958,1,0,1,0,0,0,0,0,0,0,0,0,0,0,0,0,0,0,0,0,1,0,0,0,0,0,1,1,3,383,57467311,556177004614523,122
581,12427,2,2021-04-14,2,2021-04-30,1,5,2,12.37,2021,153290130992075,0,0,1,0,0,0,0,0,0,0,0,0,0,1,0,0,0,0,0,0,0,0,0,0,0,0,2,1,7,304,46013475,602989861949957,825
582,12461,2,2021-04-16,5,2021-04-30,1,10,8,0.5,2021,542825532384919,0,0,1,0,0,0,1,0,0,0,0,0,0,0,0,0,0,0,0,0,0,0,0,0,0,0,0,1,3,214,17014379,644515455732567,145
583,10486,1,2020-02-05,2,2021-05-04,0,2,1,26.53,2021,439589365414509,0,0,6,1,0,0,1,0,0,1,0,0,0,0,0,0,0,0,0,0,0,1,0,0,0,0,4,4,20,95,26058409,333230770151919,538
584,10897,0,2020-05-14,1,2021-05-04,0,1,0,0,2021,283449288795657,0,0,1,0,0,0,0,0,0,0,0,0,1,0,0,0,0,0,0,0,0,0,0,0,0,0,2,1,3,152,20919817,606770357142857,148
585,12154,0,2021-02-23,2,2021-05-04,0,1,0,0,2021,562727317611019,1,0,1,0,0,0,0,0,0,0,1,0,0,0,0,0,0,0,0,0,0,0,0,0,0,0,2,3,10,82,18605305,566309906759907,679
586,12200,1,2021-03-03,4,2021-05-04,1,4,0,3.77,2021,506159444277959,3,0,3,1,0,0,1,0,0,1,0,0,0,0,0,0,0,0,0,0,0,0,0,0,0,0,0,5,9,1411,204295484,470565639131843,170
587,12253,0,2021-03-11,4,2021-05-04,1,1,0,0,2021,166837801465618,2,0,2,1,0,0,0,0,0,0,0,0,0,0,0,0,0,0,0,0,1,0,0,0,0,0,0,2,5,445,70503261,445686508738238,713
588,12484,2,2021-04-20,1,2021-05-04,1,4,1,3.17,2021,134975851807456,0,0,1,0,0,0,0,0,0,0,0,0,0,0,0,0,0,0,0,1,0,0,0,0,0,0,1,3,10,1,626175,391472303206997,280
589,11603,0,2020-10-06,3,2021-05-05,0,2,0,24.53,2021,279737452870952,2,3,1,0,0,0,0,0,0,0,0,0,1,0,0,0,0,0,0,0,0,0,0,0,0,0,2,2,14,487,87316866,590561926097339,312
590,12573,2,2021-05-04,4,2021-05-05,1,6,2,2.87,2021,367281226882984,0,0,1,0,0,0,1,0,0,0,0,0,0,0,0,0,0,0,0,0,0,0,0,0,0,0,1,1,17,60,1070904,617534285714286,95
591,12082,2,2021-02-08,5,2021-05-06,0,5,2,0,2021,641135296085414,1,0,1,0,0,0,0,0,0,0,0,0,0,0,0,0,0,0,0,0,1,0,0,0,0,0,1,1,7,131,18257515,626463812592706,847
592,12339,2,2021-03-26,2,2021-05-06,1,2,1,5.17,2021,281199691265533,0,0,1,0,0,0,0,0,0,0,0,0,0,0,0,0,0,0,1,0,0,0,0,0,0,0,2,1,7,64,8693793,594458635568513,11
593,12596,1,2021-05-06,6,2021-05-06,1,3,0,26.7,2021,152522712542425,1,0,1,0,0,0,0,0,1,0,0,0,0,0,0,0,0,0,0,0,0,0,0,0,0,0,0,2,14,2,598476,485301478366315,206
594,12337,2,2021-03-26,4,2021-05-10,1,6,3,1.17,2021,17153416587579,0,0,1,0,0,1,0,0,0,0,0,0,0,0,0,0,0,0,0,0,0,0,0,0,0,0,0,5,2,620,77534699,332980286533717,776
595,12326,1,2021-03-25,4,2021-05-11,0,4,2,5.6,2021,182820790363991,1,0,1,0,0,0,0,0,0,0,0,0,0,0,0,0,0,0,0,1,0,0,0,0,0,0,2,3,6,391,57534513,587196319282511,814
596,12355,2,2021-03-31,0,2021-05-11,1,5,2,0,2021,232174201043547,0,0,1,0,0,0,0,0,0,0,0,0,0,0,0,0,0,0,0,1,0,0,0,0,0,0,1,1,17,18,10887252,384901016949153,190
597,12444,0,2021-04-15,2,2021-05-11,1,1,0,0,2021,104937493395138,0,0,1,0,0,0,0,0,0,0,0,0,1,0,0,0,0,0,0,0,0,0,0,0,0,0,2,3,15,22,3385476,5768155,152
598,12622,2,2021-05-11,5,2021-05-11,1,10,9,3.87,2021,158397885179962,0,0,1,0,0,0,0,0,0,0,0,0,1,0,0,0,0,0,0,0,0,0,0,0,0,0,1,2,5,296,8342021,309183668652793,252
599,12354,2,2021-03-31,3,2021-05-12,1,1,0,0,2021,269951703614911,0,0,1,0,0,0,0,0,0,0,0,0,0,0,0,0,0,0,0,1,0,0,0,0,0,0,0,0,20,80,14519095,395037708333333,700
600,12464,0,2021-04-16,4,2021-05-12,1,1,0,0,2021,101231888855592,0,0,1,0,0,0,0,0,0,0,1,0,0,0,0,0,0,0,0,0,0,0,0,0,0,0,2,0,19,157,45789745,40667644962747,97
601,12409,2,2021-04-11,5,2021-05-13,1,15,10,0.57,2021,510658144426751,0,0,1,0,0,0,0,0,0,0,0,0,0,0,0,0,0,0,1,0,0,0,0,0,0,0,1,4,3,73,19199527,57710251965883,505
602,12046,0,2021-02-02,1,2021-05-14,1,2,0,27.13,2021,824477494790541,1,0,1,0,0,0,0,1,0,0,0,0,0,0,0,0,0,0,0,0,0,0,0,0,0,0,2,1,17,229,32324283,48573046587569,46
603,12560,2,2021-05-03,1,2021-05-14,1,4,2,3.13,2021,877539797796434,1,0,1,0,0,0,0,0,0,0,0,0,1,0,0,0,0,0,0,0,0,0,0,0,0,0,0,0,19,183,32112015,519999775784753,303
604,12618,1,2021-05-11,4,2021-05-18,1,4,2,19.17,2021,618639320784172,0,0,1,0,0,0,0,0,0,0,0,0,0,0,0,0,0,0,1,0,0,0,0,0,0,0,2,1,0,11,1585762,663766339782666,759
605,12237,0,2021-03-08,2,2021-05-19,1,2,0,0.3,2021,642742149857219,1,0,3,0,0,0,0,0,0,0,0,0,0,0,0,0,0,0,0,1,0,0,0,0,0,0,2,1,17,53,33208466,322276204081633,101
606,12423,1,2021-04-13,4,2021-05-19,1,2,0,4.23,2021,897027015137049,0,0,1,0,0,0,0,0,0,0,0,0,0,0,0,0,0,0,1,0,0,0,0,0,0,0,2,3,4,186,32677369,590252426332288,594
607,12664,1,2021-05-19,5,2021-05-19,1,2,0,5.83,2021,512908236868331,0,0,1,0,0,0,0,0,0,0,0,0,1,0,0,0,0,0,0,0,0,0,0,0,0,0,1,0,20,6,108045,0,672
608,12165,0,2021-02-24,6,2021-05-20,0,1,0,0,2021,334488258791005,1,0,1,0,0,0,0,0,0,0,0,0,0,0,0,0,0,0,0,1,0,0,0,0,0,0,0,0,19,21,16815109,340583960784314,290
609,12013,1,2021-01-27,3,2021-05-21,0,3,0,19.43,2021,943125722732405,1,0,1,0,0,0,0,0,0,0,0,0,0,0,0,0,0,0,0,1,0,0,0,0,0,0,0,3,4,302,3806565,470575104311544,229
610,12191,1,2021-03-01,5,2021-05-21,0,2,0,38.53,2021,255785144368645,1,0,1,0,0,0,0,0,0,0,0,0,0,0,0,0,0,0,0,0,1,0,0,0,0,0,3,5,1,62,10339316,469778666666667,777
611,12202,2,2021-03-03,1,2021-05-24,0,2,1,27.67,2021,283234283511715,0,0,1,0,0,0,1,0,0,0,0,0,0,0,0,0,0,0,0,0,0,0,0,0,0,0,3,5,21,91,11329031,475328294047283,848
612,11621,0,2020-10-09,4,2021-05-25,0,1,0,0,2021,169530588830755,1,0,2,0,0,0,0,0,0,0,0,0,1,0,0,0,0,0,0,0,0,0,0,0,0,0,0,1,7,384,54306912,579808036173691,729
613,12327,1,2021-03-25,2,2021-05-25,0,11,4,16.07,2021,253161697472977,1,0,1,0,0,0,0,1,0,0,0,0,0,0,0,0,0,0,0,0,0,0,0,0,0,0,0,5,12,80,10617642,44986310880829,527